member_id,full_name,age,county,employment_sector,employer_name,monthly_contribution,date_joined,phone_number,gender,member_status,remarks
SACCO-0001,Kamau Mutua,28yrs,Marsabit,Agriculture,East African Breweries,"KES 23,795",Feb-2015,+254767827638,Female,ACTIVE,
SACCO-0002,Salome Nyambura,22 years,Uasin Gishu,Transport,Absa Kenya,,2017-04,0745176955,F,Inactive,
SACCO-0003,OWINO Kiptoo,29,Siaya,Agriculture,Bamburi Cement,,06/2024,0794566031,Female,inactive,
SACCO-0004,Odhiambo sigei,62,Uasin Gishu,Trade,Cooperative Bank,76575,2019-12,0786977837,Female,active,
SACCO-0005,Mercy Lagat,57,Narok,ICT,World Vision Kenya,4272.0,2018-01,0753843426,M,INACTIVE,
SACCO-0006,Mohamed Ogutu,63,Kirinyaga,Manufacturing,KRA,,2023-05,,F,Active,
SACCO-0007,  John njoroge,29,Uasin Gishu,ICT,PWC Kenya,"KES 77,118",Jul-2016,+254762820592,FEMALE,inactive,
SACCO-0008,Moses Kimani,39 years,Bomet,Agriculture,Mombasa County Govt,"KES 6,765",2022-01,0796593904,Male,Active,
SACCO-0070,Beatrice Korir,34,Uasin Gishu,Finance,World Vision Kenya,,Oct-2015,0702614124,F,INACTIVE,
SACCO-0010,Adhiambo Ochieng,27,Tana River,ICT,KCB Group,54.9K,Mar-2023,,M,active,
SACCO-0011,Karanja Onyango,41,Makueni,Transport,Cooperative Bank,,Aug-2023,0730158366,M,active,
SACCO-0012,Wanjiku Mutuku,26,Bomet,Agriculture,Total Kenya,22423,04/2022,,Female,active,
SACCO-0013,Salome ogutu,44,Kwale,ICT,AMREF,19363,01/2016,254745540424,M,Active,
SACCO-0014,Chebet Muthoni,26,Turkana,Agriculture,Equity Bank,3419.0,2023-01,0731726318,Male,Active,
SACCO-0015,Achieng Kipchoge,,Kwale,Trade,Absa Kenya,,2023-11,0720776478,M,Active,
SACCO-0016,Achieng Mutua,52yrs,Isiolo,Manufacturing,Equity Bank,9.7K,Mar-2016,+254709121552,F,Active,
SACCO-0017,Adhiambo Odongo,48yrs,West Pokot,Finance,Kenya Airways,25.8K,2018-11,0732035886,M,active,
SACCO-0018,Mwangi Kariuki,28,Kericho,Finance,Kisumu County Govt,,2020-02,0749597086,F,active,
SACCO-0019,ESTHER Kiprotich,41,Meru,Manufacturing,Kisumu County Govt,6111,12/2016,0736553958,M,Inactive,
SACCO-0020,Owino Kiprotich,25,Vihiga,ICT,Kisumu County Govt,10433,03/2020,0735159040,Male,ACTIVE,
SACCO-0021,Wafula Mutuku,31yrs,Trans-Nzoia,Finance,Bamburi Cement,13311,Jan-2017,,M,Active,
SACCO-0022,Rose Bett,,Murang'a,ICT,KEBS,5.6K,Jul-2017,,f,Inactive,
SACCO-0023,Samuel Kiptoo,,Kisumu,ICT,BAT Kenya,14420,Jun-2022,0730547349,Female,Inactive,
SACCO-0024,Mwangi Njenga,,Marsabit,Trade,Kenya Power,,03/2019,0735630292,Female,Inactive,
SACCO-0025,Grace Kamau,58,Kisumu,Transport,Absa Kenya,14396,2023-11,254799582853,M,Inactive,
SACCO-0026,Abdi Kamau,41yrs,Makueni,Public Service,Kenya Airways,"KES 63,666",Sep-2019,+254756431351,F,ACTIVE,
SACCO-0027,James Korir,41,Vihiga,ICT,East African Breweries,1582.0,08/2020,0790681152,Male,INACTIVE,
SACCO-0028,Kiptoo mwangi,62yrs,Machakos,ICT,World Vision Kenya,,2019-04,0719777514,F,active,
SACCO-0029,Mwangi Waithera,,Siaya,Public Service,Standard Chartered,,2015-02,0729372360,FEMALE,active,
SACCO-0030,Adhiambo sigei,51yrs,Turkana,Finance,Kenya Airways,2.3K,2022-10,+254767750178,MALE,Inactive,
SACCO-0031,Emmanuel Waithera,,Isiolo,Public Service,Deloitte Kenya,689,2022-02,0731473195,F,active,
SACCO-0032,Odhiambo Lagat,26,Bomet,Finance,Kenya Breweries,"KES 7,601",Jul-2018,,M,inactive,
SACCO-0033,Emmanuel Kariuki,46,Migori,Finance,,,04/2024,+254736632757,M,Inactive,
SACCO-0034,Juma Mutua,30,Marsabit,Agriculture,,"KES 9,899",Nov-2024,+254786268397,f,Active,
SACCO-0035,Mohamed Ogutu,,Migori,Trade,,1767,12/2015,0746970882,M,INACTIVE,
SACCO-0036,  Kamau Nyambura,31,Taita-Taveta,Transport,Safaricom PLC,,08/2018,0749512272,Female,ACTIVE,
SACCO-0037,  Kiptoo korir,41yrs,Siaya,Public Service,Kenya Red Cross,2028,2024-12,0732594692,m,inactive,
SACCO-0038,Wafula Kiptoo,44yrs,Makueni,Trade,KCB Group,,2020-01,0765793759,FEMALE,active,
SACCO-0039,Ruth Wekesa,63,Marsabit,ICT,BAT Kenya,,May-2024,254732949803,M,inactive,
SACCO-0040,Mercy Odongo,23,Narok,Manufacturing,BAT Kenya,4390,Jun-2019,254780014570,F,Active,
SACCO-0041,Njeri Nyambura,37yrs,Kitui,Transport,BAT Kenya,"KES 63,838",Feb-2015,+254754277800,F,active,
SACCO-0042,Mary Rotich,43,Kwale,Trade,Mombasa County Govt,6664,Dec-2016,254716046365,FEMALE,ACTIVE,
SACCO-0043,Samuel Njoroge,55yrs,Meru,ICT,Nairobi City County,,Mar-2020,+254795028632,F,INACTIVE,
SACCO-0044,Catherine Wekesa,28,West Pokot,Trade,BAT Kenya,"KES 22,502",2020-03,,Male,inactive,
SACCO-0045,Mwangi Odongo,31 years,Kajiado,Agriculture,,5893,10/2021,0783002706,Male,active,
SACCO-0046,Peter Muthoni,61,Meru,ICT,,2935.0,Nov-2019,0732194159,M,Active,
SACCO-0047,Paul Njoroge,40 years,Kwale,Agriculture,PWC Kenya,1100,11/2019,+254726550845,Male,active,
SACCO-0048,ROTICH Mutuku,60 years,West Pokot,Trade,Kenya Breweries,35555,12/2019,+254736540265,Male,Active,
SACCO-0049,Grace Mutua,27,Lamu,ICT,NSSF Kenya,"KES 2,561",2015-11,0777342561,m,active,
SACCO-0050,Amina Kipchoge,53,Taita-Taveta,Trade,Absa Kenya,,Mar-2016,+254793103304,Female,Inactive,
SACCO-0051,Otieno waithera,29,Homa Bay,ICT,Total Kenya,18.2K,2015-11,+254762005415,M,Inactive,
SACCO-0052,Beatrice Waithera,57,Laikipia,Public Service,Kenya Ports Authority,19016.0,2016-01,254781721371,m,Inactive,
SACCO-0053,Salome Mutuku,29,Nyeri,Transport,NHIF,3112,2019-09,254755766169,FEMALE,Active,
SACCO-0054,Baraka Ogutu,30,Nyandarua,ICT,,23.8K,Sep-2020,0700344303,F,active,
SACCO-0055,Daniel sigei,44,Marsabit,Public Service,Kenya Breweries,72.2K,Dec-2018,0751401477,m,Active,
SACCO-0056,Ruth Kiptoo,63,Tana River,Agriculture,Kenya Railways,,2024-06,0759096899,MALE,Active,
SACCO-0057,ESTHER Wekesa,38,Wajir,Public Service,Deloitte Kenya,534,2020-11,,Female,inactive,
SACCO-0058,Ann Ochieng,65,Embu,Transport,KCB Group,"KES 6,849",2016-11,+254713489853,m,INACTIVE,
SACCO-0059,Achieng Korir,37yrs,West Pokot,Transport,,3652,02/2017,+254751344226,F,INACTIVE,
SACCO-0060,Mercy Otieno,,Kwale,Trade,PWC Kenya,,2016-08,0778862539,FEMALE,ACTIVE,
SACCO-0061,Hassan Ogutu,28,West Pokot,Trade,East African Breweries,2085,2019-01,0788346110,M,inactive,
SACCO-0062,Achieng Kamau,40 years,Embu,Finance,Teachers Service Commission,"KES 11,943",Oct-2018,,m,Active,
SACCO-0063,BEATRICE Otieno,24yrs,Nyamira,Manufacturing,KCB Group,3.6K,12/2020,0726950221,Male,INACTIVE,
SACCO-0064,Amina Cheruiyot,52,Laikipia,Transport,NSSF Kenya,1521,2016-08,254718892086,F,ACTIVE,
SACCO-0065,Juma Sigei,47,Marsabit,Agriculture,Kenya Breweries,"KES 19,653",Oct-2019,,M,Active,
SACCO-0066,Rose Abubakar,26yrs,Kwale,Transport,Mombasa County Govt,3113.0,Mar-2016,0704994527,Male,Active,
SACCO-0067,Chebet Lagat,56,Nyamira,Manufacturing,Kenya Ports Authority,"KES 38,417",08/2016,0737546086,F,Inactive,
SACCO-0068,Zawadi Kimani,63,Homa Bay,Trade,Nairobi City County,75.2K,02/2022,+254786128115,FEMALE,Active,
SACCO-0069,Chebet Kiptoo,57,Kericho,ICT,NSSF Kenya,2000,Oct-2017,,Male,inactive,
SACCO-0070,KAMAU Wekesa,37yrs,Mombasa,Manufacturing,Kisumu County Govt,5298,Sep-2021,+254708530615,m,active,
SACCO-0071,  John Nyambura,64yrs,Kwale,Transport,Kenya Power,,07/2022,+254714490391,MALE,Active,
SACCO-0072,PAUL Wekesa,62yrs,Mandera,Trade,Standard Chartered,7.4K,05/2023,+254781259008,f,Active,
SACCO-0073,Rose Mutua,36,Kwale,Public Service,Absa Kenya,13675.0,Jul-2020,0734210729,M,INACTIVE,
SACCO-0074,Njeri Mutuku,45 years,Turkana,Agriculture,East African Breweries,0.7K,06/2023,0755137801,Female,ACTIVE,
SACCO-0075,Moses Ochieng,44,Garissa,Manufacturing,Kenya Railways,29297.0,Feb-2018,0774660688,m,active,
SACCO-0076,Rose Njenga,63yrs,Baringo,Transport,NHIF,51557.0,Mar-2015,,F,Active,
SACCO-0077,FLORENCE Lagat,23,Isiolo,Manufacturing,Standard Chartered,"KES 1,495",Mar-2020,0796850971,FEMALE,active,
SACCO-0078,  Rotich Kipchoge,27,Makueni,Public Service,BAT Kenya,,May-2021,0768765957,F,Active,
SACCO-0079,  Daniel Kiprotich,47,Nakuru,Agriculture,Nairobi City County,19534,2018-03,0738848936,M,ACTIVE,
SACCO-0080,Baraka Onyango,64 years,Kiambu,Public Service,NSSF Kenya,,01/2021,254710450542,Female,active,
SACCO-0081,  Salome korir,42,Elgeyo-Marakwet,Public Service,,15629.0,02/2020,0714208709,Female,active,
SACCO-0082,Hassan Mutua,32,Tharaka-Nithi,Agriculture,Total Kenya,"KES 4,298",2020-06,254786629889,F,Active,
SACCO-0083,Paul Wekesa,33,Tharaka-Nithi,Public Service,Kenya Breweries,1775.0,08/2024,+254775764804,FEMALE,Inactive,
SACCO-0084,Mohamed Wekesa,62,Nyandarua,Finance,Equity Bank,"KES 56,016",05/2016,0705047559,f,Active,
SACCO-0085,Njeri Kamau,59yrs,Kisumu,Public Service,Kenya Pipeline Company,,06/2018,0767292380,M,Active,
SACCO-0086,Abdi wanjiku,24,Busia,Public Service,Total Kenya,"KES 47,823",Jun-2017,0737969333,m,ACTIVE,
SACCO-0087,Beatrice Otieno,57yrs,Laikipia,Trade,AMREF,7.4K,Mar-2024,+254778213973,MALE,Inactive,
SACCO-0088,Florence lagat,27,Siaya,Transport,Teachers Service Commission,,2017-11,,MALE,Active,
SACCO-0089,JOHN Rotich,35,Tana River,Manufacturing,KRA,17.3K,Feb-2017,+254713574883,Male,ACTIVE,
SACCO-0090,Florence Abubakar,60,Uasin Gishu,Manufacturing,NHIF,,2024-03,+254705864298,Female,Active,
SACCO-0091,Fatuma Njenga,56,Taita-Taveta,ICT,Nairobi City County,"KES 4,493",08/2024,254737818761,Male,Inactive,
SACCO-0092,Ndegwa Kiptoo,25yrs,Trans-Nzoia,Finance,Kenya Pipeline Company,6860,Feb-2023,0721516757,MALE,Active,
SACCO-0093,Odhiambo Cheruiyot,23,Homa Bay,Finance,Cooperative Bank,5359,Jun-2016,,f,active,
SACCO-0094,Chebet Ochieng,30 years,Taita-Taveta,Public Service,Nation Media Group,,Jan-2016,+254720068183,m,active,
SACCO-0095,  Fatuma Nyambura,48yrs,Elgeyo-Marakwet,Public Service,KCB Group,,10/2022,+254784819556,F,Active,
SACCO-0096,Joseph Rotich,64yrs,Isiolo,Trade,KCB Group,,2023-09,+254768131950,F,active,
SACCO-0097,Zawadi Gathoni,26,Nyamira,Transport,Deloitte Kenya,15208,2024-12,0717905932,Male,inactive,
SACCO-0098,Agnes Waithera,33 years,Kiambu,Transport,World Vision Kenya,5.8K,May-2015,,F,Inactive,
SACCO-0099,Ann Njoroge,34,Nakuru,ICT,Deloitte Kenya,2562,06/2016,254753690013,MALE,Inactive,
SACCO-0100,Daniel Wanjiku,55,Machakos,Transport,,,03/2024,,F,Active,
SACCO-0101,Ruth Muthoni,50,Nandi,Finance,Absa Kenya,3068,02/2015,0754520614,f,ACTIVE,
SACCO-0102,Rotich Sigei,24,Murang'a,ICT,Deloitte Kenya,"KES 76,847",Oct-2021,+254720594121,FEMALE,Inactive,
SACCO-0103,James Wekesa,63,Nyeri,Agriculture,,10027,2023-07,0715805613,F,Inactive,
SACCO-0104,Fatuma Wanjiku,29,Kiambu,Public Service,KEBS,57.7K,2022-02,+254742894344,m,active,
SACCO-0105,Hassan sigei,62,Trans-Nzoia,Finance,KRA,1995,Mar-2018,0766306502,Male,Inactive,
SACCO-0106,Rose Wekesa,41,Mandera,Transport,BAT Kenya,,Oct-2021,+254742550733,Male,ACTIVE,
SACCO-0107,Rose Otieno,30,Nakuru,ICT,Safaricom PLC,"KES 5,758",Mar-2019,0795204947,FEMALE,active,
SACCO-0108,Njeri Gathoni,39,Kajiado,Finance,Bamburi Cement,6118,2017-10,0720695604,Female,INACTIVE,
SACCO-0109,  James Ochieng,24,West Pokot,Trade,Deloitte Kenya,7236,07/2024,+254704064904,Female,Active,
SACCO-0110,Emmanuel Nyambura,41,Wajir,Agriculture,KEBS,"KES 55,391",Aug-2022,0781424562,f,Inactive,
SACCO-0111,Halima lagat,57,Murang'a,Public Service,Safaricom PLC,68986,Mar-2018,,f,Inactive,
SACCO-0112,Kiptoo Cheruiyot,42,Uasin Gishu,Public Service,Total Kenya,,Aug-2019,+254752780072,FEMALE,Active,
SACCO-0113,Achieng Korir,63yrs,Laikipia,Finance,Kenya Power,6.4K,2021-03,0797644479,F,Active,
SACCO-0114,Rose Ogutu,46yrs,Turkana,Trade,NHIF,4.1K,Feb-2024,0712976369,f,Inactive,
SACCO-0115,Rotich Ogutu,,Kisii,Transport,Kenya Airways,61.2K,Aug-2023,0769190008,MALE,Inactive,
SACCO-0116,Joseph Mutua,54,Marsabit,Public Service,Kenya Red Cross,"KES 3,599",Jan-2022,0790436763,F,Inactive,
SACCO-0117,CATHERINE Otieno,63 years,Samburu,Finance,KRA,47662.0,Aug-2024,254784426338,m,Inactive,
SACCO-0118,Adhiambo Ochieng,34,Narok,Public Service,Kenya Railways,"KES 33,392",07/2018,,f,ACTIVE,
SACCO-0119,Chebet Kiprotich,64,Siaya,Trade,KEBS,"KES 6,459",06/2023,254790713544,m,active,
SACCO-0120,Joseph Njoroge,57,Kajiado,ICT,Mombasa County Govt,21067.0,06/2022,,f,Active,
SACCO-0121,Agnes Onyango,44,Kakamega,Trade,Equity Bank,,2016-06,0788043078,Male,Active,
SACCO-0122,Rose Wanjiku,59,Nakuru,Transport,Kenya Ports Authority,"KES 3,604",Jan-2018,254744331259,M,inactive,
SACCO-0123,Rose Kipchoge,52,Bungoma,ICT,Mombasa County Govt,7715,02/2015,+254731168067,m,INACTIVE,
SACCO-0124,Mutua Muthoni,24,Homa Bay,ICT,BAT Kenya,54174,Jan-2019,+254776230551,MALE,Inactive,Follow up
SACCO-0125,Esther Onyango,30,Kwale,Trade,Nairobi City County,3.0K,2020-03,0787011385,M,ACTIVE,
SACCO-0126,James Mwangi,62,Vihiga,Finance,Kenya Airways,19837,2016-03,0764082804,F,Active,
SACCO-0127,Amina Abubakar,22,Trans-Nzoia,Transport,KRA,6347,Aug-2016,+254754414096,MALE,inactive,
SACCO-0128,Catherine Kimani,45yrs,Embu,Manufacturing,BAT Kenya,18965,06/2024,,m,inactive,
SACCO-0129,Adhiambo Mwangi,27yrs,Isiolo,Transport,Cooperative Bank,49538,Feb-2024,,M,active,
SACCO-0130,Mary waithera,59,Garissa,Public Service,,,09/2017,0775686878,Male,inactive,
SACCO-0131,Juma Gathoni,59,Vihiga,Trade,Kenya Red Cross,13056,2015-02,0763360324,F,ACTIVE,
SACCO-0132,Moses Otieno,46,Siaya,Public Service,KCB Group,22948.0,03/2023,0746676884,FEMALE,Inactive,
SACCO-0133,  ODHIAMBO Cheruiyot,41,Nyamira,Finance,Absa Kenya,,04/2018,0720820038,MALE,ACTIVE,
SACCO-0134,Florence Muthoni,23,Kiambu,Agriculture,,3190,2024-11,0706533225,M,Inactive,
SACCO-0135,Achieng Wekesa,58,Baringo,ICT,PWC Kenya,4.3K,2018-05,+254788612211,F,Active,
SACCO-0136,Peter Bett,65,Tana River,Agriculture,,8.5K,Sep-2021,+254755878146,F,Active,
SACCO-0137,Adhiambo Sigei,31 years,Nakuru,Finance,Absa Kenya,,Sep-2023,0732595918,F,Active,
SACCO-0138,Zawadi Mutuku,25,Lamu,Finance,,,2016-04,254778864147,Male,active,
SACCO-0139,  Abdi Korir,34,Nyeri,Transport,World Vision Kenya,"KES 50,446",12/2018,0727449289,F,Inactive,
SACCO-0140,Mercy Onyango,45yrs,Tana River,Public Service,Safaricom PLC,7.4K,2022-06,0749755172,M,inactive,
SACCO-0141,Kamau Gathoni,,Bungoma,Trade,KRA,"KES 8,206",08/2018,0791918556,m,active,
SACCO-0142,Samuel Njoroge,,Nyamira,Finance,BAT Kenya,23934,2023-11,0770322629,f,INACTIVE,
SACCO-0143,Wanjiku muthoni,26 years,Nairobi,Manufacturing,Total Kenya,"KES 16,755",10/2015,,Female,Active,
SACCO-0144,SALOME Kariuki,56,Mombasa,Finance,NHIF,5616.0,Mar-2021,+254712927031,F,active,
SACCO-0145,Halima Gathoni,47,Murang'a,Transport,KRA,4691,2016-11,254787227356,M,Inactive,
SACCO-0146,ACHIENG Otieno,53,Kitui,ICT,Kenya Airways,,2016-09,0730838737,f,inactive,
SACCO-0147,Otieno Mutuku,56yrs,Kisumu,Manufacturing,Kenya Pipeline Company,6.9K,04/2015,,MALE,Active,
SACCO-0148,James Cheruiyot,56,Kisii,ICT,Kenya Red Cross,9678.0,2023-12,0707207013,F,Active,
SACCO-0149,Joseph Kamau,23yrs,Busia,Public Service,KRA,"KES 9,059",Jul-2021,+254778634827,M,active,
SACCO-0150,Ruth mutuku,62,Siaya,Trade,Cooperative Bank,,05/2015,0736207439,M,Inactive,
SACCO-0151,John muthoni,57,Baringo,ICT,Kenya Airways,,05/2015,254711368176,Male,INACTIVE,
SACCO-0152,Mary Kipchoge,39,Tana River,Manufacturing,KCB Group,3814,Jul-2019,0710324210,FEMALE,ACTIVE,
SACCO-0153,Joseph Ogutu,22,Bomet,ICT,Nation Media Group,"KES 3,657",Aug-2020,,M,Inactive,
SACCO-0154,Ndegwa Njoroge,42,Wajir,Transport,BAT Kenya,77.3K,Jun-2018,0752738860,MALE,Active,
SACCO-0155,  Mutua Mwangi,51,Kericho,Public Service,,65817,07/2016,+254718680305,F,ACTIVE,
SACCO-0156,Baraka Mutuku,59,Garissa,ICT,Kenya Red Cross,"KES 18,921",2015-06,+254772062301,MALE,Active,
SACCO-0157,Florence Rotich,58,Lamu,Transport,Standard Chartered,,Jul-2020,0713234748,Male,active,
SACCO-0158,James Nyambura,65yrs,Garissa,Manufacturing,,17.8K,Feb-2022,0711523236,FEMALE,Active,
SACCO-0159,Mercy Kiptoo,52,Nyamira,Transport,,3560,2019-01,0715446483,F,Active,
SACCO-0160,Samuel Nyambura,43yrs,Kwale,Manufacturing,Teachers Service Commission,"KES 27,693",03/2017,,m,inactive,
SACCO-0161,GRACE Lagat,39 years,Kiambu,Finance,Safaricom PLC,,Mar-2023,+254726450861,F,inactive,
SACCO-0162,Beatrice Abubakar,59,Nandi,ICT,Kenya Breweries,5647.0,10/2019,0790209088,M,Inactive,
SACCO-0163,Catherine Wekesa,30yrs,Vihiga,Manufacturing,BAT Kenya,6239.0,Sep-2017,0738766747,F,active,
SACCO-0164,Halima Kariuki,46,Garissa,Transport,BAT Kenya,"KES 4,127",2022-07,+254759572772,M,Active,
SACCO-0165,Fatuma Ochieng,32 years,West Pokot,Transport,World Vision Kenya,24157.0,Sep-2023,0715328557,Male,INACTIVE,
SACCO-0166,Otieno Njenga,49,Kitui,ICT,KRA,,Aug-2015,,FEMALE,inactive,
SACCO-0167,Samuel Odongo,61yrs,Uasin Gishu,Finance,Kenya Railways,,01/2018,0771441519,Male,Inactive,
SACCO-0168,Fatuma Odongo,65 years,Kisii,ICT,Teachers Service Commission,"KES 18,230",2015-05,254717030641,M,Active,
SACCO-0169,Adhiambo Njenga,31yrs,Nyandarua,Transport,Absa Kenya,"KES 6,092",2016-11,+254712494970,m,ACTIVE,
SACCO-0170,  Mercy Njoroge,27 years,Kwale,Transport,PWC Kenya,36494.0,Sep-2016,254757665720,Male,Inactive,
SACCO-0171,Rose odongo,43,Nakuru,Agriculture,Safaricom PLC,2737.0,Jan-2022,+254721204188,M,INACTIVE,
SACCO-0172,Catherine Wekesa,39,Trans-Nzoia,Trade,,"KES 7,892",Jan-2017,254741004756,m,Inactive,
SACCO-0341,Omondi Kariuki,59,Lamu,Public Service,Kenya Power,6004,2020-02,+254756682016,Male,Active,
SACCO-0174,Omondi Kimani,30,Kisii,Transport,PWC Kenya,5996,Oct-2023,0787244236,F,Active,
SACCO-0451,Salome Kamau,27,Kisii,ICT,Safaricom PLC,9306.0,2021-06,254742211967,F,active,
SACCO-0176,Paul Kamau,23,Makueni,Trade,Nairobi City County,"KES 4,529",2023-04,+254739666982,f,inactive,
SACCO-0177,Baraka Kimani,26yrs,Nairobi,Trade,Kenya Pipeline Company,,10/2021,+254773330690,m,INACTIVE,
SACCO-0178,KAMAU Odongo,24,Homa Bay,Finance,Mombasa County Govt,17474.0,07/2023,0753992760,Male,active,
SACCO-0179,Hassan Mutuku,31yrs,Homa Bay,Finance,,1209.0,05/2016,,F,Active,
SACCO-0180,Wafula Waithera,64 years,Kilifi,Agriculture,Kenya Power,,03/2015,+254746533974,f,ACTIVE,
SACCO-0317,Chebet Mutua,29 years,Mombasa,Trade,Teachers Service Commission,"KES 6,030",Feb-2023,+254777396877,Male,active,
SACCO-0182,James Kipchoge,28,Lamu,Transport,Safaricom PLC,,Jan-2023,0701649277,Male,Inactive,
SACCO-0183,Otieno Onyango,63,Narok,Manufacturing,Absa Kenya,4.9K,2020-05,0776710258,Male,INACTIVE,
SACCO-0184,Mary Ochieng,51,Kajiado,Trade,,"KES 4,248",Jun-2015,254775672859,m,Active,
SACCO-0185,Daniel Njenga,56 years,Murang'a,Manufacturing,Kenya Power,7.9K,04/2015,254785354668,f,INACTIVE,
SACCO-0186,Florence Lagat,28,Murang'a,Public Service,BAT Kenya,,Dec-2017,,MALE,active,
SACCO-0240,Zawadi Waithera,28yrs,Tharaka-Nithi,ICT,Standard Chartered,,01/2024,0717543369,F,Inactive,
SACCO-0188,Catherine Cheruiyot,39,Bungoma,Manufacturing,World Vision Kenya,26998.0,Mar-2016,+254760339827,F,active,
SACCO-0189,Karanja Waithera,29,Lamu,Trade,NHIF,62994.0,Jan-2024,0743995720,m,INACTIVE,
SACCO-0190,Achieng Mwangi,33,Homa Bay,ICT,,"KES 3,945",Apr-2023,254713677772,M,Active,
SACCO-0191,Odhiambo Wekesa,65yrs,Kitui,Agriculture,East African Breweries,53319.0,2016-01,,Male,Active,
SACCO-0192,ABDI Kimani,32,Vihiga,ICT,AMREF,"KES 42,879",07/2015,0723193791,MALE,Active,
SACCO-0193,Rotich Ochieng,63,Migori,Finance,,3804,Jul-2019,+254726770773,f,Active,
SACCO-0194,ANN Kiptoo,44,Tana River,Trade,Kenya Pipeline Company,"KES 75,147",Jul-2020,0703498112,M,inactive,
SACCO-0195,Achieng Kiptoo,59,Uasin Gishu,Agriculture,KRA,21808.0,2019-09,0798926537,FEMALE,Active,
SACCO-0196,Baraka Rotich,33,Samburu,Trade,Teachers Service Commission,31585.0,Oct-2020,0794027679,Female,Active,
SACCO-0197,Daniel Onyango,27,Baringo,Manufacturing,Kenya Power,,2015-06,254727040091,F,Active,
SACCO-0198,MOHAMED Ochieng,31 years,Isiolo,ICT,Cooperative Bank,,2020-12,+254753095937,F,Inactive,
SACCO-0199,Moses Muthoni,63,Mandera,Finance,Kenya Red Cross,,Jun-2024,,F,ACTIVE,
SACCO-0200,MUTUA Mutua,58,West Pokot,Agriculture,KEBS,7780.0,04/2024,,M,ACTIVE,
SACCO-0201,Mohamed Kipchoge,64yrs,Bomet,Public Service,Kenya Power,2136,Dec-2018,254734448045,m,Active,
SACCO-0202,Salome Kipchoge,46,Siaya,Agriculture,,"KES 4,196",2024-11,0730277201,M,inactive,
SACCO-0203,Mohamed Gathoni,32,Uasin Gishu,Transport,KCB Group,"KES 3,499",06/2016,,m,Inactive,
SACCO-0212,Paul Bett,43,Bungoma,Public Service,Kenya Red Cross,"KES 12,737",05/2023,0739916439,M,active,
SACCO-0205,Rotich Ochieng,40,Tharaka-Nithi,Finance,BAT Kenya,39555,Apr-2015,,Male,Active,
SACCO-0206,Emmanuel Njoroge,63yrs,Kilifi,Trade,Kenya Ports Authority,"KES 21,877",Aug-2017,+254759020960,F,Active,
SACCO-0207,Catherine mwangi,56,Samburu,Manufacturing,Bamburi Cement,1354,09/2021,+254771875527,MALE,active,
SACCO-0208,Hassan Mutuku,24yrs,Isiolo,ICT,,6355.0,Mar-2024,0760269093,FEMALE,INACTIVE,
SACCO-0209,Chebet Ochieng,49,Tharaka-Nithi,Manufacturing,NHIF,,2020-12,0708994192,Male,active,
SACCO-0210,  Mary Waithera,61yrs,Migori,Agriculture,,47912,10/2024,,Female,Active,
SACCO-0211,Ann Bett,46yrs,West Pokot,Finance,,3974,Jul-2019,+254781692326,F,Inactive,
SACCO-0212,CATHERINE Nyambura,39,Mombasa,Trade,NHIF,,2019-05,+254793440079,FEMALE,Active,
SACCO-0213,Samuel Waithera,48yrs,Machakos,Manufacturing,Kenya Breweries,5749,12/2021,254769323646,f,active,Follow up
SACCO-0214,Hassan Wanjiku,55,Mombasa,Manufacturing,Nairobi City County,5.7K,Jan-2018,0761263503,F,Active,
SACCO-0215,Mercy Kiprotich,65,Trans-Nzoia,Public Service,Nation Media Group,"KES 2,207",10/2022,0746204319,MALE,ACTIVE,
SACCO-0216,Fatuma Kariuki,58 years,Kericho,ICT,,13791.0,05/2018,0768891441,f,ACTIVE,
SACCO-0217,Chebet Otieno,36,Kajiado,Transport,Kenya Red Cross,,2021-07,0761605671,Male,ACTIVE,
SACCO-0218,Juma odongo,64,Trans-Nzoia,Finance,Deloitte Kenya,46919.0,05/2019,0764657836,FEMALE,active,Branch transfer
SACCO-0219,Owino Otieno,41,Isiolo,ICT,KRA,29.9K,07/2024,0791369490,M,active,Pending docs
SACCO-0220,  Salome Lagat,58 years,Bomet,Transport,Kenya Red Cross,4010,2023-11,,F,Active,
SACCO-0444,Rose Kipchoge,38 years,Turkana,ICT,Kenya Pipeline Company,8202,Nov-2020,0747685330,f,Inactive,
SACCO-0222,Zawadi Gathoni,29,Tharaka-Nithi,Finance,East African Breweries,36.4K,2016-08,0767172936,m,active,
SACCO-0223,Rotich Wekesa,,Kwale,Manufacturing,Kenya Airways,4.7K,02/2017,,F,Active,
SACCO-0224,Karanja Njenga,,Machakos,Manufacturing,Nation Media Group,"KES 4,996",07/2021,0764075580,M,Active,
SACCO-0225,Wanjiku Bett,,Nairobi,Transport,AMREF,1266,May-2020,+254751479273,F,Active,
SACCO-0226,Fatuma Waithera,43,Lamu,Manufacturing,Kenya Airways,4.9K,2022-06,,MALE,Inactive,
SACCO-0227,  Moses Wekesa,54,Trans-Nzoia,Transport,Deloitte Kenya,2.8K,Nov-2021,+254771770706,Female,Active,VIP member
SACCO-0228,Kamau Ochieng,46,Kirinyaga,Public Service,Kenya Red Cross,3431,05/2015,+254713553285,F,active,VIP member
SACCO-0229,Omondi Kiprotich,29 years,Tana River,Manufacturing,Nation Media Group,,2019-09,254748039455,F,Active,
SACCO-0230,Karanja Wanjiku,,Machakos,Agriculture,NHIF,,2022-03,0768679929,m,INACTIVE,
SACCO-0231,Mercy Korir,33,Laikipia,Trade,Teachers Service Commission,9930.0,Dec-2021,0706159129,M,active,Follow up
SACCO-0232,Faith Kamau,45 years,Kilifi,Agriculture,Standard Chartered,"KES 4,082",2022-05,254792597136,f,active,
SACCO-0233,Wafula Wekesa,32,Samburu,Public Service,Teachers Service Commission,"KES 23,087",03/2022,+254748130331,f,inactive,
SACCO-0234,Chebet Njoroge,48,Kiambu,Trade,Deloitte Kenya,17339,12/2023,0775834657,FEMALE,inactive,
SACCO-0235,Catherine Wanjiku,37,Makueni,Transport,Deloitte Kenya,"KES 4,782",Oct-2023,,Male,active,
SACCO-0236,Kiptoo Mutuku,43,Nakuru,Finance,KRA,"KES 3,897",2021-07,+254710580463,f,Inactive,
SACCO-0237,Faith abubakar,63,Homa Bay,Public Service,Equity Bank,,2015-02,+254783089652,MALE,active,
SACCO-0238,Mercy Abubakar,36,Bomet,Finance,World Vision Kenya,23708.0,12/2022,+254796088283,M,ACTIVE,
SACCO-0239,Halima Cheruiyot,57yrs,Wajir,Agriculture,Equity Bank,2.3K,2022-03,254799658124,M,active,
SACCO-0240,Juma Ogutu,43,Migori,Agriculture,Kenya Pipeline Company,1159.0,2024-02,+254760465703,Female,active,
SACCO-0241,Wanjiku Kiprotich,49,Taita-Taveta,Finance,World Vision Kenya,,12/2017,254798045333,M,ACTIVE,
SACCO-0242,Mohamed Kiprotich,60,Murang'a,Trade,Standard Chartered,22.2K,2019-08,+254718546206,m,ACTIVE,
SACCO-0243,Catherine Onyango,57yrs,Bungoma,Manufacturing,Nation Media Group,7046.0,Nov-2020,+254795347796,FEMALE,active,
SACCO-0244,Mohamed wanjiku,52yrs,Makueni,Transport,Absa Kenya,,2023-05,254756691738,Male,Active,
SACCO-0245,Florence Ochieng,32,Lamu,Trade,Kenya Railways,6.1K,2019-04,0704336089,Male,active,
SACCO-0246,Rose Sigei,46,Wajir,Trade,Kenya Red Cross,16338.0,07/2021,0791959110,Male,Active,
SACCO-0247,Joseph Sigei,36,Mandera,Transport,Deloitte Kenya,"KES 3,719",2024-09,254726369633,FEMALE,Active,
SACCO-0248,Agnes Mutuku,54,Kisumu,Public Service,Kisumu County Govt,"KES 3,411",03/2017,0734227688,Male,INACTIVE,Pending docs
SACCO-0249,MOHAMED Kamau,61,Kajiado,Public Service,Teachers Service Commission,"KES 2,234",2020-02,+254742662313,FEMALE,active,
SACCO-0250,Kiptoo Muthoni,44,Kericho,Transport,Kenya Airways,16680,2019-04,+254782984217,FEMALE,inactive,
SACCO-0251,Wanjiku Kimani,63yrs,Elgeyo-Marakwet,Manufacturing,Equity Bank,74360.0,2020-07,0715216804,Male,Active,
SACCO-0252,Zawadi Kiprotich,,Kitui,Manufacturing,Kenya Airways,"KES 43,343",2016-03,+254772205759,Female,Active,
SACCO-0253,Karanja Sigei,35yrs,Wajir,Transport,World Vision Kenya,,12/2016,+254703188066,F,Active,
SACCO-0254,OWINO Onyango,38,Busia,Transport,Standard Chartered,"KES 7,194",07/2015,0771784254,m,Active,
SACCO-0255,Otieno Wanjiku,54,Lamu,Trade,Nation Media Group,10385,Jul-2022,0788680762,M,Active,
SACCO-0256,Ann Korir,65,Nyamira,Transport,Cooperative Bank,,2015-09,0718974879,M,active,
SACCO-0257,Njeri Korir,44,Kitui,ICT,Total Kenya,5236,04/2017,0733922427,M,inactive,
SACCO-0258,Rose Waithera,64,Meru,Manufacturing,AMREF,26802.0,Jun-2020,0787976094,F,Active,
SACCO-0259,Daniel Waithera,59,West Pokot,Trade,Teachers Service Commission,7116,Mar-2021,254733041067,m,active,
SACCO-0260,Zawadi Wekesa,52,Nandi,ICT,Mombasa County Govt,"KES 6,565",03/2016,254711002322,f,Active,
SACCO-0261,Owino Mutua,26,Garissa,Transport,Kenya Power,,2024-07,,Male,active,Follow up
SACCO-0262,Emmanuel Otieno,36,Samburu,Transport,,76918,09/2022,0753255602,M,Active,Pending docs
SACCO-0263,Joseph Mwangi,50,West Pokot,Finance,PWC Kenya,,2017-12,0748156722,m,Active,
SACCO-0264,Odhiambo Ochieng,,Kwale,Agriculture,Equity Bank,3.9K,2020-02,+254769977486,F,ACTIVE,
SACCO-0265,James Kipchoge,59yrs,Kiambu,Finance,Kisumu County Govt,"KES 24,646",09/2018,+254746309454,Male,active,
SACCO-0266,Chebet Waithera,63,Kakamega,Manufacturing,KEBS,"KES 6,383",Nov-2016,254744322017,Male,active,
SACCO-0267,  Kiptoo Otieno,24,Samburu,Manufacturing,Kenya Railways,6787.0,Oct-2015,0722325960,M,INACTIVE,
SACCO-0268,JAMES Otieno,64,Machakos,Manufacturing,Kenya Breweries,17208.0,Aug-2022,+254755132193,f,inactive,
SACCO-0269,Florence Kiprotich,43,Baringo,Finance,KCB Group,4143,Mar-2021,+254727158762,MALE,ACTIVE,
SACCO-0270,Paul Kimani,60,Marsabit,Finance,World Vision Kenya,38168,Nov-2022,+254780996996,M,INACTIVE,
SACCO-0271,Grace Kiprotich,55,Taita-Taveta,ICT,World Vision Kenya,,2024-12,+254793510511,F,Active,
SACCO-0400,Njeri Korir,38,Mandera,Transport,Teachers Service Commission,13423,02/2023,,m,Inactive,
SACCO-0273,Rotich Muthoni,56,Trans-Nzoia,Finance,Kisumu County Govt,6.9K,04/2021,+254774834795,F,active,
SACCO-0274,Hassan Odongo,30,Makueni,Agriculture,AMREF,4223,Feb-2017,254753762374,f,active,
SACCO-0275,Achieng Kipchoge,27,Taita-Taveta,Finance,Absa Kenya,15158,Apr-2019,0781742470,F,INACTIVE,
SACCO-0276,Mary Korir,33yrs,Busia,Agriculture,Nairobi City County,18.2K,May-2023,+254780465529,m,active,
SACCO-0277,Zawadi Nyambura,27,Homa Bay,Trade,PWC Kenya,"KES 15,400",04/2024,,MALE,active,
SACCO-0278,Rose Odongo,39,Bungoma,Public Service,Kenya Pipeline Company,"KES 17,874",May-2015,0767946127,M,Active,
SACCO-0384,John Gathoni,58,Busia,Public Service,East African Breweries,"KES 70,151",2018-06,+254761585593,MALE,inactive,
SACCO-0280,Owino Mutuku,36yrs,Embu,ICT,Kenya Airways,"KES 2,755",09/2020,254794062273,F,Active,
SACCO-0281,Abdi Mutuku,42,West Pokot,Trade,KEBS,9.2K,2018-08,254731522559,f,Active,
SACCO-0282,Adhiambo Cheruiyot,28,Machakos,Transport,PWC Kenya,"KES 4,999",2015-09,0764732147,F,inactive,
SACCO-0283,James Sigei,54,Embu,ICT,East African Breweries,31295,07/2023,0772580645,F,inactive,
SACCO-0284,Mercy Kimani,22,Kericho,Public Service,East African Breweries,20183,2020-10,+254725119175,F,active,
SACCO-0285,Zawadi Kipchoge,45,Homa Bay,Trade,Kenya Breweries,20874,10/2017,254713404289,f,active,
SACCO-0286,Ndegwa Wekesa,52 years,Kilifi,Public Service,BAT Kenya,43032,2023-09,0765313057,Female,active,Pending docs
SACCO-0287,CATHERINE Kipchoge,52,Meru,Public Service,AMREF,6039,06/2020,0734589898,F,Inactive,
SACCO-0288,Paul Ogutu,,Laikipia,Trade,Kenya Airways,,12/2022,0710523679,F,active,
SACCO-0289,Kiptoo Otieno,62yrs,Homa Bay,ICT,Kenya Pipeline Company,4699,Jun-2017,+254742530677,m,active,
SACCO-0290,Faith Njenga,59yrs,Busia,Public Service,KEBS,4423,2015-03,0788855162,m,ACTIVE,
SACCO-0291,Juma kimani,52yrs,Mombasa,ICT,Standard Chartered,KES 753,Feb-2016,0720840572,MALE,Inactive,
SACCO-0292,Samuel Korir,55,Mombasa,Agriculture,PWC Kenya,"KES 7,894",08/2020,,Male,Active,
SACCO-0293,Ann Kipchoge,62,Vihiga,Finance,Deloitte Kenya,,06/2019,254730484663,Male,Inactive,
SACCO-0294,HASSAN Kariuki,30,Taita-Taveta,Finance,Kenya Power,6092.0,Aug-2022,254757772049,Female,inactive,
SACCO-0295,Ndegwa Muthoni,37,Kitui,Public Service,NHIF,,02/2019,+254732153442,f,active,
SACCO-0296,Amina Korir,39,Kiambu,Manufacturing,Kenya Railways,10200,10/2022,+254794015840,M,Active,
SACCO-0297,Ann Kariuki,39,Busia,Transport,Kenya Power,6480,01/2017,+254745890766,f,active,
SACCO-0298,CATHERINE Kiptoo,31,Homa Bay,Agriculture,,"KES 3,461",2018-05,0701693222,m,Active,
SACCO-0299,  Faith Nyambura,,Meru,Finance,PWC Kenya,,07/2022,,M,ACTIVE,
SACCO-0300,Rose kiprotich,41,Nakuru,ICT,PWC Kenya,19969,04/2016,0743555463,f,active,
SACCO-0301,Adhiambo Kariuki,52yrs,Kakamega,Trade,World Vision Kenya,3369,Aug-2017,0783033107,FEMALE,ACTIVE,
SACCO-0302,Halima otieno,28,Embu,Trade,Bamburi Cement,3.7K,2020-08,+254702865928,F,Active,
SACCO-0303,Daniel Wanjiku,53,Kilifi,Finance,Cooperative Bank,53367,2022-05,,Male,Active,
SACCO-0304,Fatuma Cheruiyot,22 years,Garissa,Public Service,AMREF,1456,2015-10,0783241474,m,ACTIVE,
SACCO-0305,Baraka Ogutu,57,Laikipia,Trade,Absa Kenya,6300.0,02/2016,0708949617,MALE,Active,
SACCO-0306,  Omondi Njoroge,63,Makueni,Public Service,Total Kenya,4567.0,May-2024,+254729624910,M,INACTIVE,
SACCO-0307,Daniel Bett,62,Turkana,Transport,Kenya Ports Authority,KES 660,Dec-2020,0782803389,M,Active,
SACCO-0308,Karanja kiprotich,56,Bungoma,Finance,,6199,2017-09,254755725133,m,active,
SACCO-0309,Catherine Mwangi,33yrs,Garissa,Trade,,11987,2024-08,+254742299387,FEMALE,inactive,
SACCO-0310,Beatrice Muthoni,37yrs,Kericho,Public Service,,"KES 2,027",2019-06,,M,Active,
SACCO-0311,Kamau kiprotich,,Embu,Manufacturing,NSSF Kenya,6515,09/2019,,M,Active,
SACCO-0312,Chebet Gathoni,36,Kajiado,Agriculture,East African Breweries,,Dec-2018,,M,inactive,
SACCO-0313,James Cheruiyot,41,West Pokot,Public Service,,21.4K,2020-06,+254758291349,f,inactive,
SACCO-0314,  Esther Sigei,62,Kajiado,Finance,,1718,Mar-2024,0793652923,M,ACTIVE,
SACCO-0315,Faith Njenga,36,Homa Bay,Manufacturing,Kenya Railways,4996,2022-10,0773571770,M,active,
SACCO-0316,Chebet njenga,53,West Pokot,Manufacturing,Bamburi Cement,,Apr-2023,254735736421,F,INACTIVE,
SACCO-0317,Florence Muthoni,42,Kitui,Agriculture,World Vision Kenya,3604,2020-10,+254759352435,Male,INACTIVE,
SACCO-0318,Agnes rotich,27,Nakuru,Manufacturing,Nation Media Group,3.2K,Jan-2019,0714935479,Male,Inactive,
SACCO-0319,Karanja Ogutu,57,Nyamira,Manufacturing,Kenya Red Cross,12555.0,07/2015,,F,Active,
SACCO-0320,Catherine Kamau,,Makueni,Trade,,1.5K,Feb-2020,0787162488,FEMALE,active,
SACCO-0321,Mohamed Njoroge,33,Kwale,Finance,Kenya Pipeline Company,16050.0,2015-04,0740926679,F,Active,
SACCO-0322,Halima Rotich,54,Nakuru,Transport,Kisumu County Govt,,2015-09,0730277197,MALE,ACTIVE,
SACCO-0323,Baraka Kiprotich,62yrs,Migori,Manufacturing,East African Breweries,3946,Oct-2019,0772777382,Female,active,
SACCO-0324,Ndegwa sigei,55,Vihiga,ICT,,14893.0,Mar-2024,+254774804948,m,Active,
SACCO-0325,ROTICH Mutua,48,Kajiado,Public Service,AMREF,43.1K,2019-03,0714330619,M,INACTIVE,
SACCO-0326,Paul Odongo,36yrs,Nandi,Agriculture,Kenya Red Cross,,2017-09,254762916371,F,inactive,
SACCO-0327,  Chebet Kipchoge,22,Migori,Manufacturing,AMREF,6873.0,Apr-2018,254758959861,Male,Inactive,
SACCO-0328,  Adhiambo Muthoni,46 years,Homa Bay,Finance,AMREF,"KES 3,936",09/2023,254794504386,Male,active,
SACCO-0329,Otieno Bett,47,Kisumu,Finance,Standard Chartered,"KES 33,754",Apr-2015,,m,Active,
SACCO-0330,Fatuma Kamau,31,Kitui,Public Service,KCB Group,2985.0,2016-03,+254793430858,F,Inactive,
SACCO-0331,Mercy Odongo,51,Narok,Transport,Deloitte Kenya,,2017-12,0712239481,Male,Inactive,
SACCO-0332,Baraka Mutua,32,Siaya,Agriculture,World Vision Kenya,3854,2020-10,0720144703,M,ACTIVE,
SACCO-0333,Hassan Korir,40yrs,Nyeri,Manufacturing,Nairobi City County,6670,01/2019,,M,inactive,
SACCO-0334,Peter Mwangi,27yrs,Nairobi,Manufacturing,Kenya Ports Authority,KES 725,11/2024,0727868647,M,ACTIVE,
SACCO-0335,Otieno Mwangi,43,Nakuru,Agriculture,Absa Kenya,,Nov-2017,+254788707799,Female,inactive,
SACCO-0336,Mercy Mutua,27 years,Narok,Trade,,"KES 5,393",2016-07,0708714202,M,ACTIVE,
SACCO-0337,Mary Muthoni,61,West Pokot,Transport,Deloitte Kenya,"KES 6,927",2016-08,,FEMALE,Active,
SACCO-0338,Mohamed Gathoni,44,Elgeyo-Marakwet,Finance,BAT Kenya,"KES 15,022",2022-08,0781793056,F,Active,
SACCO-0339,Mercy Otieno,35 years,Migori,Public Service,Equity Bank,,Nov-2023,0785982334,F,inactive,
SACCO-0340,  John Onyango,65,Homa Bay,Transport,East African Breweries,6100.0,Mar-2015,,Male,active,
SACCO-0341,Chebet njoroge,56,Kwale,ICT,NHIF,"KES 5,048",Sep-2015,+254797303041,Male,Active,
SACCO-0944,Abdi Kiptoo,26,Nyandarua,ICT,Kenya Power,15996,11/2021,+254722276047,F,active,
SACCO-0343,Hassan Wanjiku,39,Tana River,Manufacturing,Cooperative Bank,"KES 34,007",04/2019,0723489813,f,inactive,
SACCO-0344,FAITH Kiprotich,54,Bomet,Public Service,AMREF,37.9K,Jun-2019,254713187101,MALE,ACTIVE,
SACCO-0425,Moses Ochieng,55,Kajiado,Agriculture,PWC Kenya,5.1K,06/2016,0706192775,m,ACTIVE,
SACCO-0346,Hassan Otieno,34,Marsabit,Trade,World Vision Kenya,,May-2016,0736726921,FEMALE,active,
SACCO-0347,Ann Rotich,40yrs,Uasin Gishu,Agriculture,Mombasa County Govt,3620.0,09/2020,0717458237,MALE,Active,
SACCO-0348,Njeri Muthoni,59yrs,Wajir,Transport,,516.0,2019-06,254795683641,f,Active,
SACCO-0349,Mercy odongo,51,Kajiado,Transport,Deloitte Kenya,48723.0,Aug-2022,,MALE,Active,
SACCO-0350,Mutua Wanjiku,42,Mombasa,Agriculture,BAT Kenya,1743,2022-08,254737883942,Female,Active,
SACCO-0351,Ruth kiptoo,26 years,Marsabit,Public Service,Standard Chartered,,Oct-2018,,F,Inactive,
SACCO-0352,Peter Muthoni,43yrs,Murang'a,Manufacturing,PWC Kenya,35716.0,Aug-2024,+254780003898,Male,inactive,
SACCO-0353,Juma Mutuku,60 years,Siaya,Trade,BAT Kenya,1569.0,Feb-2015,,MALE,active,
SACCO-0354,Rotich mwangi,46yrs,Busia,Manufacturing,,3944.0,05/2020,0791208855,FEMALE,Inactive,
SACCO-0355,Halima Mutuku,54,Kisii,ICT,Mombasa County Govt,,Jan-2023,254775165988,F,inactive,
SACCO-0356,Adhiambo Muthoni,42 years,Homa Bay,Public Service,Absa Kenya,,Aug-2017,0774547422,MALE,inactive,
SACCO-0357,Florence wekesa,23,Tana River,Transport,Absa Kenya,6.4K,Feb-2017,254755815175,MALE,ACTIVE,
SACCO-0358,Joseph Kipchoge,50,Embu,Manufacturing,Absa Kenya,,2024-08,254731776042,F,INACTIVE,
SACCO-0359,Otieno Ochieng,29yrs,Wajir,Agriculture,Kenya Railways,11420.0,05/2023,+254710500470,Female,Active,
SACCO-0360,FLORENCE Mwangi,59,Nakuru,Trade,Bamburi Cement,8301.0,08/2022,+254762979305,F,Inactive,
SACCO-0361,Fatuma Korir,60 years,Nyamira,ICT,East African Breweries,67468,Oct-2022,+254706928303,F,ACTIVE,
SACCO-0362,Daniel mutuku,39,Elgeyo-Marakwet,Trade,Kisumu County Govt,1.1K,Dec-2015,,m,ACTIVE,
SACCO-0363,Mutua Gathoni,33 years,Kisumu,Trade,KCB Group,3.7K,2024-03,254755424925,F,Inactive,
SACCO-0364,Karanja Odongo,63,Nyeri,Agriculture,KEBS,"KES 8,699",05/2022,0771473736,m,Inactive,
SACCO-0365,Mary Sigei,50,Narok,Finance,PWC Kenya,5.6K,09/2016,+254757953319,Female,Active,
SACCO-0366,Omondi Gathoni,65 years,Nyamira,Transport,,1639.0,06/2023,0724148004,M,Active,
SACCO-0367,Salome Kimani,44,Laikipia,Trade,Nairobi City County,690,Feb-2024,+254779743930,f,INACTIVE,
SACCO-0368,Ruth kimani,46yrs,Kitui,Finance,Teachers Service Commission,,Dec-2016,+254739536330,MALE,active,
SACCO-0369,Amina Njenga,42,Kiambu,Trade,World Vision Kenya,42364,2021-06,,F,Inactive,
SACCO-0370,Ndegwa Kamau,28,Vihiga,Manufacturing,Nation Media Group,,Dec-2022,0704678950,Female,Active,
SACCO-0371,  Daniel Wekesa,24yrs,Nyandarua,Manufacturing,Kenya Red Cross,6602,Oct-2021,,Male,Inactive,
SACCO-0372,Mwangi Onyango,52,Marsabit,Trade,Kenya Airways,42568.0,01/2021,0786848857,Male,INACTIVE,
SACCO-0373,Mercy Njenga,33yrs,Siaya,Transport,Nairobi City County,,02/2021,+254748219211,MALE,Inactive,
SACCO-0374,OTIENO Ogutu,37,Kiambu,ICT,,3894.0,2022-09,,M,Inactive,
SACCO-0375,Moses Ochieng,63yrs,Kwale,Transport,NSSF Kenya,0.6K,12/2017,0709668169,M,ACTIVE,
SACCO-0376,Joseph Ochieng,22,Nakuru,Trade,NHIF,2.6K,Oct-2022,0779328380,f,Active,
SACCO-0377,JOSEPH Nyambura,43 years,Lamu,Public Service,Kenya Airways,9816,Sep-2024,254728619492,Female,Inactive,
SACCO-0378,Rotich Njenga,57,Murang'a,Finance,Equity Bank,6354,2024-07,254702097866,M,Active,
SACCO-0379,Ruth Otieno,52yrs,Kericho,Manufacturing,Deloitte Kenya,48093,Jul-2022,+254723427561,M,Active,
SACCO-0380,Njeri Otieno,48,Murang'a,Manufacturing,,1.1K,Oct-2016,+254772440371,Male,active,
SACCO-0381,Achieng ogutu,52,Uasin Gishu,Transport,,5942,May-2020,0733739891,f,ACTIVE,
SACCO-0382,Samuel Ochieng,23,Nyeri,Agriculture,Kenya Ports Authority,2395,10/2022,0756246123,Female,Inactive,
SACCO-0383,Mohamed nyambura,34,Embu,Agriculture,BAT Kenya,11863.0,Jul-2015,+254781796786,F,Active,
SACCO-0384,Beatrice Rotich,30,West Pokot,Agriculture,Kisumu County Govt,20913,08/2022,0746113991,F,Active,
SACCO-0385,Joseph Bett,,Isiolo,Public Service,NSSF Kenya,15.5K,2024-08,0737469681,F,inactive,
SACCO-0386,Grace Odongo,31,Nairobi,Public Service,,4514,2022-12,+254704512474,F,inactive,
SACCO-0387,Omondi Waithera,22yrs,Migori,Manufacturing,Kenya Railways,"KES 19,093",2018-11,+254702138110,F,ACTIVE,
SACCO-0388,SAMUEL Odongo,,Homa Bay,Manufacturing,Teachers Service Commission,43.1K,12/2022,0784195455,MALE,Inactive,
SACCO-0389,Grace Njenga,56yrs,Kericho,ICT,PWC Kenya,,2020-12,,Female,inactive,
SACCO-0390,Zawadi Waithera,33yrs,Mandera,Agriculture,Bamburi Cement,,2018-03,+254732028739,Female,ACTIVE,
SACCO-0391,Catherine Ogutu,42,Nyandarua,Finance,PWC Kenya,"KES 18,729",Feb-2015,+254760721529,Male,Active,
SACCO-0392,Agnes Cheruiyot,61,Lamu,Transport,Teachers Service Commission,9.4K,2016-04,0761454824,F,Active,
SACCO-0393,Mwangi Kimani,31,Kericho,Finance,Deloitte Kenya,67249,11/2021,+254717720413,F,ACTIVE,
SACCO-0394,NDEGWA Mutuku,55yrs,Migori,Finance,Kenya Airways,,08/2020,+254793531446,Male,active,
SACCO-0395,Hassan Kipchoge,45,Nakuru,Manufacturing,Cooperative Bank,16096,2017-10,+254795537812,M,Active,
SACCO-0396,Florence kiptoo,24,West Pokot,Manufacturing,Kenya Breweries,,04/2017,+254704655890,FEMALE,Active,
SACCO-0397,Kiptoo Onyango,47,Kakamega,Public Service,Kenya Pipeline Company,4841,12/2015,0768103287,m,active,
SACCO-0398,James mwangi,50,Nyeri,Transport,BAT Kenya,7.8K,11/2017,0741350093,Female,Active,
SACCO-0399,Mohamed Ochieng,55,Nyandarua,Manufacturing,Kenya Power,7706,11/2022,,F,active,
SACCO-0400,John Ochieng,31 years,Vihiga,Trade,Standard Chartered,"KES 13,801",Jun-2019,254759804203,M,ACTIVE,
SACCO-0401,Salome Kiptoo,,Migori,Manufacturing,NHIF,3306.0,Mar-2016,,Male,Inactive,
SACCO-0402,  Peter Njenga,62,Migori,Manufacturing,Bamburi Cement,"KES 71,921",Mar-2024,0751240239,Male,inactive,
SACCO-0403,Peter Korir,36,Nairobi,Manufacturing,Kisumu County Govt,6486,02/2022,+254738612968,Male,ACTIVE,
SACCO-0404,Wafula Njenga,26yrs,Trans-Nzoia,Finance,BAT Kenya,"KES 2,341",11/2019,254793179999,F,ACTIVE,
SACCO-0405,Owino Kipchoge,51,Kisii,Trade,KEBS,5516,07/2020,0747779407,F,active,
SACCO-0406,Ndegwa Njenga,60 years,Marsabit,Trade,NSSF Kenya,2955,05/2019,0792388322,Male,Inactive,
SACCO-0407,Chebet Kiprotich,48,Uasin Gishu,Agriculture,Nairobi City County,1024,2018-04,+254774981433,f,active,
SACCO-0408,Rose Wanjiku,51,Nyeri,ICT,Kenya Railways,7.5K,Jun-2022,0748663129,Male,INACTIVE,
SACCO-0409,  Abdi Kipchoge,29,Wajir,Manufacturing,Kenya Red Cross,6125,Apr-2017,+254710550179,m,Active,
SACCO-0410,Emmanuel Njenga,24 years,Garissa,Finance,Equity Bank,"KES 3,450",Jan-2019,0789601933,M,Active,
SACCO-0411,Peter Bett,23,Nyandarua,Finance,Cooperative Bank,"KES 20,323",12/2023,+254767767769,M,active,
SACCO-0412,Karanja Wanjiku,56,Nyamira,Agriculture,Kenya Pipeline Company,5280,12/2023,+254793701812,F,INACTIVE,
SACCO-0413,Halima Lagat,48,Narok,Agriculture,Kenya Breweries,4615,2017-08,0794587382,m,Active,
SACCO-0414,Baraka Korir,65,Busia,Manufacturing,Bamburi Cement,"KES 2,868",2021-04,,F,Active,
SACCO-0415,Agnes Kimani,65,Kakamega,Public Service,Standard Chartered,,2016-12,0722645646,FEMALE,Inactive,
SACCO-0416,Juma Kimani,53,Mandera,ICT,,14655.0,06/2021,,FEMALE,active,
SACCO-0417,Mercy kimani,36yrs,Kisii,Agriculture,Safaricom PLC,4995.0,08/2016,0724037816,Female,Active,
SACCO-0418,OMONDI Njenga,,Bungoma,Trade,PWC Kenya,"KES 18,893",05/2023,+254772548572,FEMALE,Active,
SACCO-0419,Wafula Lagat,50,Kisumu,Manufacturing,Bamburi Cement,1471.0,Dec-2019,0757805041,m,active,
SACCO-0420,Agnes Njoroge,58,Turkana,ICT,KEBS,"KES 6,502",05/2021,+254750707149,F,INACTIVE,
SACCO-0421,KAMAU Odongo,44 years,Samburu,Agriculture,World Vision Kenya,7.1K,Jul-2020,,F,Active,
SACCO-0422,Adhiambo Otieno,26,Nyeri,Trade,KEBS,,01/2020,+254756703371,MALE,Active,
SACCO-0423,Peter Kariuki,46,Meru,ICT,BAT Kenya,,06/2018,0789575241,Female,Inactive,
SACCO-0424,Daniel Otieno,56,Kirinyaga,Agriculture,,5.4K,04/2021,254712342371,Female,active,
SACCO-0425,James Kiptoo,44 years,Kitui,ICT,Mombasa County Govt,,07/2019,0742057523,F,active,
SACCO-0426,Rose Kipchoge,55,West Pokot,Public Service,Nairobi City County,3274.0,2022-05,254771500378,f,INACTIVE,
SACCO-0427,MOSES Otieno,51,Kakamega,Transport,PWC Kenya,55853.0,Jul-2021,+254708647316,f,Active,
SACCO-0428,Kiptoo Gathoni,37,Bungoma,Agriculture,KRA,4.6K,08/2019,+254758536768,MALE,Active,
SACCO-0429,Kamau Gathoni,57,Kisumu,Transport,BAT Kenya,4.2K,Feb-2015,254739994087,MALE,Inactive,
SACCO-0430,Florence bett,30,West Pokot,Transport,Total Kenya,4.3K,2023-11,0770499222,MALE,Active,
SACCO-0431,Mohamed Abubakar,37,Kericho,Manufacturing,Safaricom PLC,1074,08/2019,,Male,ACTIVE,
SACCO-0432,Ann Muthoni,39,Kakamega,Trade,BAT Kenya,3761.0,01/2019,0781311077,m,inactive,Verified
SACCO-0433,Florence Nyambura,62,Trans-Nzoia,ICT,PWC Kenya,1648,Aug-2018,,MALE,Inactive,
SACCO-0434,Adhiambo Korir,50yrs,Kitui,Public Service,Teachers Service Commission,77677,08/2016,,F,Inactive,VIP member
SACCO-0435,Omondi Cheruiyot,26,Baringo,Transport,NHIF,"KES 47,841",08/2020,+254706992585,M,Inactive,
SACCO-0551,Wanjiku Lagat,58,Uasin Gishu,Manufacturing,Total Kenya,17907.0,10/2017,+254742869025,f,Active,
SACCO-0437,Peter Cheruiyot,27,Kilifi,Public Service,Kenya Ports Authority,"KES 5,277",Apr-2024,,Female,active,
SACCO-0438,Mercy Ogutu,25,Vihiga,Finance,Kisumu County Govt,54509,2020-03,0715750520,Male,inactive,
SACCO-0439,Agnes njoroge,34,Nyandarua,Trade,AMREF,,2017-07,0780541748,f,ACTIVE,
SACCO-0440,  Mutua Muthoni,38,Busia,Manufacturing,Cooperative Bank,5673.0,Feb-2022,254717878463,FEMALE,Inactive,
SACCO-0441,Baraka Wanjiku,26,Nakuru,Agriculture,,7.6K,2022-06,,Female,ACTIVE,
SACCO-0442,Owino Kiprotich,47yrs,Kisii,Finance,Equity Bank,2991.0,03/2019,254745523530,M,Inactive,
SACCO-0304,  Rotich gathoni,30,Nyandarua,Transport,Cooperative Bank,3.2K,05/2019,+254735400991,F,Active,
SACCO-0444,Daniel Njenga,64yrs,Busia,Agriculture,Nairobi City County,23328,Mar-2018,,Male,Active,
SACCO-0445,Daniel Ochieng,57,Tana River,Agriculture,NSSF Kenya,39599.0,Feb-2017,254727344675,M,Active,
SACCO-0446,Amina Odongo,59,Nairobi,Finance,World Vision Kenya,"KES 3,624",Feb-2021,,MALE,Active,
SACCO-0447,Agnes Kimani,28,Kakamega,Agriculture,,"KES 11,051",08/2022,+254736147308,M,INACTIVE,
SACCO-0448,Faith Abubakar,58,Nakuru,ICT,Deloitte Kenya,23979,Dec-2015,,F,Active,
SACCO-0449,JUMA Mutuku,46 years,Laikipia,Transport,,71.4K,Feb-2017,254758030164,MALE,INACTIVE,
SACCO-0450,Halima mwangi,34,Siaya,Public Service,Kisumu County Govt,"KES 8,876",2021-02,+254749423803,F,Inactive,
SACCO-0451,Abdi Waithera,31,Isiolo,Transport,Deloitte Kenya,"KES 1,491",08/2019,0764103912,FEMALE,ACTIVE,
SACCO-0452,Adhiambo Kiprotich,57,Kisumu,Finance,Safaricom PLC,,02/2021,+254796678371,F,Active,
SACCO-0453,John kariuki,33 years,Homa Bay,Agriculture,KCB Group,"KES 4,642",06/2019,254761068817,Male,inactive,
SACCO-0454,Mutua Ogutu,60,Lamu,Agriculture,Absa Kenya,"KES 7,510",Jul-2015,+254723049928,Male,Inactive,
SACCO-0455,Samuel Kamau,61,Lamu,Transport,PWC Kenya,"KES 14,966",Feb-2019,0701862394,f,ACTIVE,
SACCO-0456,Kamau Ogutu,,Tharaka-Nithi,ICT,Teachers Service Commission,"KES 7,579",2016-05,+254719886456,M,Active,
SACCO-0457,Catherine Waithera,50yrs,Bungoma,Trade,East African Breweries,7.3K,Jan-2021,+254713779264,m,INACTIVE,
SACCO-0458,Samuel Odongo,40,Homa Bay,Public Service,Total Kenya,,2024-11,0765485030,M,Active,
SACCO-0459,Rose Mutuku,52,Elgeyo-Marakwet,Transport,Cooperative Bank,"KES 12,465",Jan-2021,0797470140,F,Active,
SACCO-0460,Agnes Abubakar,64,Laikipia,Transport,Kenya Red Cross,"KES 1,135",11/2021,254748352683,f,inactive,
SACCO-0461,Fatuma Wanjiku,30,Uasin Gishu,Finance,BAT Kenya,,Aug-2021,+254728109613,FEMALE,Inactive,
SACCO-0462,Agnes Kipchoge,54,Kiambu,Trade,Absa Kenya,2193,02/2018,0765278845,F,Inactive,
SACCO-0463,Rose Gathoni,54yrs,Meru,Transport,Equity Bank,2.2K,2022-08,,f,active,
SACCO-0464,Omondi Cheruiyot,32yrs,Kericho,Trade,KEBS,,09/2022,0713327047,F,inactive,
SACCO-0465,Ndegwa Waithera,22,Taita-Taveta,Trade,Mombasa County Govt,KES 619,May-2016,0755701512,Female,Active,
SACCO-0466,Salome Kiptoo,,Kwale,ICT,Total Kenya,,01/2020,254701335293,Male,Active,
SACCO-0467,Juma Njenga,24yrs,Kitui,Manufacturing,Kenya Ports Authority,"KES 4,175",05/2023,254791384912,f,ACTIVE,
SACCO-0468,Halima Kariuki,61,Wajir,Public Service,Kenya Breweries,5677.0,2023-10,+254787514936,F,inactive,
SACCO-0469,  Ndegwa Bett,43,Nyamira,Transport,Kenya Ports Authority,22262,May-2023,+254768675400,Male,ACTIVE,
SACCO-0470,Kamau Bett,37,Kajiado,Transport,Absa Kenya,,Dec-2016,,Male,Active,
SACCO-0471,Wafula Waithera,51,Murang'a,ICT,AMREF,,2024-12,+254784254420,f,Active,
SACCO-0472,Florence Kiptoo,30 years,Isiolo,Transport,KRA,6449,Oct-2023,+254748488507,M,Inactive,
SACCO-0473,Njeri Ochieng,35,Trans-Nzoia,Transport,,"KES 3,338",2023-09,+254735392370,Female,INACTIVE,
SACCO-0474,Daniel Mutua,31yrs,Tana River,Transport,Kenya Breweries,,Sep-2023,+254728540398,M,Active,
SACCO-0475,Wafula Kamau,45yrs,Kisumu,Finance,Kenya Railways,9931,Jun-2019,0765219822,M,inactive,
SACCO-0476,Hassan Bett,53,Turkana,Trade,KCB Group,1.5K,08/2021,,F,Inactive,
SACCO-0477,Paul Wekesa,51 years,Makueni,Public Service,Kenya Railways,43.0K,2020-02,+254789187990,F,INACTIVE,
SACCO-0478,Otieno Mwangi,63,Uasin Gishu,Transport,Kenya Power,,09/2019,+254786424699,M,active,
SACCO-0479,Achieng Odongo,54,Nyeri,Transport,Kenya Pipeline Company,"KES 24,896",2015-05,254732921822,f,active,Verified
SACCO-0480,Ann Kamau,53,Mombasa,Trade,Absa Kenya,3349,Sep-2015,0734517819,FEMALE,active,
SACCO-0481,Mutua Gathoni,48yrs,Nakuru,Finance,Kenya Airways,,May-2015,,MALE,Active,
SACCO-0112,Wafula Ochieng,59,Garissa,ICT,Total Kenya,"KES 62,805",May-2016,+254762387558,M,Active,
SACCO-0733,Kamau Gathoni,,Turkana,Transport,Teachers Service Commission,13237,07/2024,+254785335496,f,Active,
SACCO-0484,Kiptoo Kiptoo,,Nairobi,ICT,Kenya Breweries,1.1K,05/2024,0722465588,MALE,active,
SACCO-0485,Agnes Lagat,35yrs,Garissa,Trade,Equity Bank,20775,Oct-2023,0712041357,M,Active,
SACCO-0486,Amina Bett,42,Bomet,Transport,Kisumu County Govt,24.2K,May-2022,0743169555,Male,active,
SACCO-0487,  Catherine Wekesa,52,Nairobi,Transport,KEBS,,07/2022,+254787120361,Male,inactive,
SACCO-0488,Faith mwangi,46,Nandi,Public Service,KEBS,28.3K,02/2015,+254725902794,F,Active,
SACCO-0489,Ruth Rotich,62,Mandera,Manufacturing,,,Jan-2020,254794495682,M,Active,
SACCO-0490,Juma Kimani,53,Bungoma,Transport,AMREF,"KES 45,454",Oct-2024,0778942114,M,Active,
SACCO-0491,Odhiambo Bett,34,Mombasa,Transport,PWC Kenya,"KES 17,662",11/2019,0760924933,F,ACTIVE,
SACCO-0492,Mohamed Muthoni,29yrs,Kwale,Public Service,Cooperative Bank,"KES 24,964",Dec-2015,,Male,Inactive,
SACCO-0493,Abdi Mutuku,36,Vihiga,Agriculture,Kenya Pipeline Company,7433,Jun-2017,,M,Inactive,
SACCO-0494,Beatrice Abubakar,52,Bomet,ICT,Equity Bank,7.5K,2023-04,+254780525899,m,active,
SACCO-0495,Njeri Ochieng,,Nakuru,ICT,Kenya Breweries,,11/2024,+254713667066,Male,Active,
SACCO-0496,Omondi Kamau,60 years,Elgeyo-Marakwet,Agriculture,Kenya Breweries,,10/2021,+254745582551,Female,Active,
SACCO-0497,  Peter ogutu,26yrs,Bungoma,Finance,,,06/2019,+254797257257,M,Active,
SACCO-0498,Chebet Korir,63 years,Kajiado,Finance,Kenya Ports Authority,"KES 2,179",03/2017,0780977513,F,Active,
SACCO-0499,AGNES Wekesa,57,Vihiga,Trade,Nairobi City County,11.5K,Feb-2018,+254789638670,m,active,
SACCO-0500,Peter Odongo,,Meru,Public Service,Kenya Ports Authority,21.3K,Aug-2015,+254700496212,m,active,
SACCO-0501,Emmanuel Mutua,46,Kilifi,ICT,Kenya Power,"KES 7,753",Jun-2016,0715460445,Male,active,
SACCO-0502,Zawadi Ochieng,40,Kirinyaga,Transport,,44128,Apr-2023,0702884611,F,Active,
SACCO-0503,Chebet Lagat,43,Kajiado,Public Service,KRA,"KES 52,932",Nov-2020,,FEMALE,inactive,
SACCO-0504,Mwangi kimani,34,Siaya,Transport,Cooperative Bank,53621,Nov-2021,254706200213,Female,inactive,
SACCO-0505,Rotich Abubakar,39,Garissa,Finance,Kenya Ports Authority,"KES 1,743",2016-08,0782528662,Male,ACTIVE,
SACCO-0506,John Rotich,42 years,Isiolo,Transport,BAT Kenya,19310.0,Aug-2022,+254753814070,f,active,
SACCO-0507,Ndegwa Waithera,41,Siaya,Finance,KEBS,5.6K,05/2020,254718029509,F,active,
SACCO-0508,Otieno Waithera,50,Migori,Trade,Teachers Service Commission,"KES 2,641",Jul-2019,0759282426,Female,Inactive,
SACCO-0509,John Kiprotich,39,Meru,Agriculture,KCB Group,"KES 6,369",Apr-2023,0790611371,F,inactive,
SACCO-0510,Amina Ogutu,56,Nairobi,ICT,Mombasa County Govt,,2020-07,254777840078,M,ACTIVE,
SACCO-0511,Rotich Sigei,35,Isiolo,Finance,Teachers Service Commission,,2022-12,254745722553,F,Active,
SACCO-0512,Catherine Muthoni,57,Kisii,Finance,NSSF Kenya,,2015-08,0747601987,F,ACTIVE,
SACCO-0513,Catherine Onyango,58 years,Kisii,Manufacturing,Kenya Airways,"KES 7,117",10/2024,,M,Inactive,
SACCO-0514,Ndegwa njoroge,50yrs,Kajiado,Agriculture,KEBS,2979,Mar-2023,+254792479309,M,Active,
SACCO-0515,Baraka Korir,55,Nakuru,Trade,Total Kenya,47868,Jul-2020,0714863801,F,ACTIVE,Verified
SACCO-0516,Karanja Wekesa,64,Baringo,Finance,Mombasa County Govt,5146.0,12/2023,0736969062,FEMALE,Inactive,
SACCO-0517,Paul Kiptoo,58,Kwale,Public Service,East African Breweries,51211,05/2016,0761244438,f,inactive,
SACCO-0518,Mutua Muthoni,49,Makueni,Manufacturing,,,2021-12,,M,inactive,
SACCO-0519,Florence Mutuku,35,Migori,ICT,Bamburi Cement,7921,2020-02,254767698729,F,active,
SACCO-0520,John Ochieng,65 years,Siaya,Trade,AMREF,"KES 2,257",Jul-2018,0733635732,MALE,Inactive,
SACCO-0521,DANIEL Waithera,37 years,Busia,Manufacturing,BAT Kenya,,2017-03,0781468625,F,active,
SACCO-0522,Mwangi Mwangi,31,Kilifi,Manufacturing,Kenya Red Cross,2570,04/2023,254706409704,f,active,
SACCO-0523,Omondi Lagat,60,Siaya,ICT,Nairobi City County,,Apr-2020,+254702152643,FEMALE,Inactive,
SACCO-0447,Florence Mutuku,64,Uasin Gishu,Agriculture,Absa Kenya,"KES 7,165",06/2020,+254725440639,MALE,Inactive,
SACCO-0525,Odhiambo ogutu,22,Narok,Agriculture,Standard Chartered,6377,02/2018,+254737373949,F,Active,Branch transfer
SACCO-0526,Hassan Njenga,28 years,West Pokot,Manufacturing,,,2024-06,0793457866,MALE,inactive,
SACCO-0527,Mutua Otieno,64,Bomet,Agriculture,Nation Media Group,3.3K,07/2022,0799564579,Female,INACTIVE,
SACCO-0528,Joseph Njenga,49 years,Elgeyo-Marakwet,Agriculture,Equity Bank,,May-2022,0750432035,M,INACTIVE,
SACCO-0529,Faith Mutua,42yrs,Kisumu,Finance,Teachers Service Commission,15.4K,Jan-2019,0798364566,F,active,
SACCO-0632,Florence Nyambura,36yrs,Siaya,Finance,Kenya Airways,48289,2015-02,,M,INACTIVE,
SACCO-0531,Chebet Mutuku,35,Machakos,Public Service,AMREF,"KES 66,922",Dec-2017,0756910568,F,Active,
SACCO-0532,Beatrice Ogutu,27,Trans-Nzoia,Public Service,Standard Chartered,2989,07/2022,+254798640380,M,INACTIVE,
SACCO-0533,Baraka Muthoni,41yrs,Kakamega,Finance,AMREF,2131,Aug-2021,0738013916,Female,Active,
SACCO-0534,Emmanuel ogutu,22,Nyamira,Transport,Cooperative Bank,"KES 3,316",2021-07,0750082660,F,INACTIVE,
SACCO-0535,Otieno Kimani,34 years,Kirinyaga,ICT,Kenya Pipeline Company,,2020-09,+254785225538,m,ACTIVE,
SACCO-0536,  Samuel Nyambura,45yrs,Lamu,Agriculture,Kenya Red Cross,,05/2017,0791411196,F,active,
SACCO-0537,Kiptoo kariuki,46,Samburu,Agriculture,Total Kenya,24.4K,2021-03,+254733939802,Male,active,
SACCO-0538,Peter Korir,27,West Pokot,ICT,Teachers Service Commission,,2017-05,+254753414658,M,Active,
SACCO-0539,Omondi Mutuku,48yrs,Nyamira,Public Service,KEBS,,Dec-2017,0765293067,FEMALE,active,
SACCO-0540,MUTUA Ogutu,34,Migori,Public Service,Deloitte Kenya,44.2K,Nov-2016,0739342650,M,Active,
SACCO-0541,Adhiambo Njoroge,22,Nairobi,Transport,East African Breweries,0.8K,Feb-2015,0700974683,Male,INACTIVE,
SACCO-0542,Daniel Njoroge,43,Bomet,Trade,NHIF,6378,Nov-2020,0781981404,F,Inactive,
SACCO-0543,Mercy Sigei,30,Nyeri,ICT,Total Kenya,,06/2018,+254792098177,Male,Inactive,
SACCO-0544,Beatrice Cheruiyot,24,Narok,Transport,Kenya Breweries,5092,2022-07,0710921193,MALE,INACTIVE,
SACCO-0545,Florence Sigei,46,Bungoma,Transport,Kenya Railways,,12/2024,+254717161260,M,inactive,
SACCO-0546,Mercy Kipchoge,52yrs,Murang'a,Manufacturing,Nairobi City County,77687,02/2016,,MALE,Inactive,
SACCO-0547,Amina Nyambura,64,Kisii,Finance,Deloitte Kenya,4046.0,Dec-2016,,m,active,
SACCO-0548,Baraka Wanjiku,63yrs,Turkana,ICT,Absa Kenya,8.9K,May-2018,0711768256,F,active,
SACCO-0549,Wafula Odongo,46yrs,Nairobi,Trade,Equity Bank,2187.0,2018-07,254742901755,f,INACTIVE,
SACCO-0550,Florence Kamau,22yrs,Kwale,Trade,Kenya Railways,2.4K,04/2019,0761174364,F,ACTIVE,
SACCO-0551,Catherine Ochieng,29,Mandera,Finance,,31833.0,Aug-2018,0750560976,f,Active,
SACCO-0552,Moses Kiptoo,33,Nyamira,Public Service,Mombasa County Govt,,01/2017,,Male,Inactive,
SACCO-0553,Mwangi Kiprotich,34 years,Turkana,Public Service,Safaricom PLC,2927,2024-01,0795239226,Female,active,
SACCO-0554,Emmanuel Korir,34 years,Nairobi,Trade,AMREF,2.1K,2016-11,0719811269,FEMALE,ACTIVE,
SACCO-0555,Achieng Kimani,25,Garissa,Transport,Kenya Airways,4500.0,2017-11,0732883478,F,active,
SACCO-0556,Mutua Otieno,64yrs,Kwale,ICT,,13052.0,11/2019,0749301266,M,Active,
SACCO-0557,JOHN Nyambura,58,Wajir,Transport,Safaricom PLC,10.7K,07/2017,254786516297,F,Active,
SACCO-0558,Ruth Sigei,23,Marsabit,ICT,,"KES 3,998",2016-09,254772340910,f,Active,
SACCO-0559,Florence bett,33,Busia,ICT,Kenya Airways,13387,Oct-2017,0721637275,F,ACTIVE,
SACCO-0560,Wafula Kiprotich,32,Makueni,Agriculture,KRA,,05/2023,,Male,Inactive,
SACCO-0561,Halima Kamau,28yrs,Kisumu,Manufacturing,Equity Bank,38479,2019-04,+254780818451,Female,Active,
SACCO-0562,Grace Mutuku,63,Homa Bay,Public Service,KCB Group,11.9K,Dec-2021,0727348593,m,INACTIVE,
SACCO-0563,Ndegwa Wanjiku,54yrs,Migori,ICT,,18636,Jul-2021,0781014793,F,active,
SACCO-0564,Salome Mutuku,43 years,Kakamega,ICT,Teachers Service Commission,13726,Feb-2015,0729826611,M,INACTIVE,
SACCO-0565,Moses Bett,53,Nandi,Transport,East African Breweries,,05/2023,0706437523,FEMALE,Inactive,
SACCO-0566,Samuel Mwangi,60,Homa Bay,Public Service,East African Breweries,4469,11/2015,+254720869686,M,active,
SACCO-0567,Moses Otieno,37yrs,Migori,Transport,Kenya Breweries,7920,08/2020,,Male,ACTIVE,
SACCO-0568,Odhiambo Korir,41,Narok,ICT,KCB Group,,Dec-2016,0712567290,M,ACTIVE,
SACCO-0569,Daniel Kiptoo,49yrs,Nyamira,Manufacturing,BAT Kenya,,Dec-2023,+254701865661,MALE,ACTIVE,
SACCO-0570,Catherine Onyango,64,Isiolo,Transport,Nation Media Group,,03/2022,,M,Inactive,
SACCO-0571,Halima Ochieng,45,Bomet,Transport,KRA,7.6K,May-2016,0739398948,M,active,
SACCO-0572,Hassan Otieno,51,Tana River,Agriculture,Cooperative Bank,2125,Jun-2022,0714383316,MALE,Active,
SACCO-0573,Omondi Muthoni,54,Migori,Agriculture,Kenya Pipeline Company,"KES 3,569",Nov-2017,0763176107,F,Inactive,VIP member
SACCO-0574,Amina Kimani,50,Nandi,Transport,Absa Kenya,917,Feb-2018,0705403110,F,Inactive,
SACCO-0575,Florence Ogutu,39,Tana River,Finance,BAT Kenya,0.6K,2017-06,+254753670451,MALE,inactive,
SACCO-0576,Wafula Kimani,44yrs,Lamu,Manufacturing,Equity Bank,1116.0,2020-07,0798976388,Male,Active,
SACCO-0577,Grace Nyambura,33,Nyeri,ICT,Kisumu County Govt,,2018-11,+254726630469,f,Active,
SACCO-0578,Joseph Kipchoge,62yrs,Embu,Agriculture,Kenya Railways,"KES 11,267",2019-04,0757217417,M,inactive,
SACCO-0579,Mary Korir,36,Taita-Taveta,Agriculture,Total Kenya,"KES 1,325",May-2015,0748798364,F,Inactive,
SACCO-0580,ACHIENG Kipchoge,42,Taita-Taveta,Trade,Kenya Pipeline Company,6245.0,Mar-2021,0765939337,F,Active,
SACCO-0581,Rose Njenga,45 years,Samburu,Finance,Nation Media Group,"KES 2,016",04/2019,,M,ACTIVE,
SACCO-0582,Peter Bett,50,Kiambu,Finance,,3646,04/2022,0720625554,M,active,
SACCO-0583,Rose Rotich,29,Kiambu,Public Service,Absa Kenya,KES 912,Jan-2023,+254736795607,M,Active,
SACCO-0584,Catherine Ogutu,65yrs,Garissa,Agriculture,KEBS,"KES 15,543",07/2023,+254752378052,F,Active,
SACCO-0585,Karanja Odongo,54,Mandera,Transport,,1228,2018-05,0774108442,F,active,
SACCO-0586,Beatrice Wekesa,30,Nakuru,Transport,KRA,3.8K,Sep-2018,0787059725,Female,Inactive,
SACCO-0587,Ruth Bett,48,Laikipia,Trade,,7664.0,Jun-2015,0737539330,FEMALE,active,
SACCO-0588,Peter Kimani,63,Tharaka-Nithi,Transport,Nation Media Group,"KES 66,657",Apr-2022,+254727369495,f,ACTIVE,
SACCO-0589,Odhiambo Mutua,52,Kilifi,Public Service,KEBS,6.5K,04/2017,0797909147,F,Inactive,
SACCO-0590,Juma Mwangi,26,Kwale,Transport,Standard Chartered,43888,2023-03,+254701582229,F,Active,
SACCO-0591,Esther ochieng,39,Tharaka-Nithi,Finance,Kenya Power,28.0K,02/2015,254745417925,M,Active,
SACCO-0592,Faith Cheruiyot,31,Marsabit,Transport,Kisumu County Govt,,2016-01,+254713799637,M,inactive,
SACCO-0593,WANJIKU Nyambura,31,Laikipia,Manufacturing,,,2021-11,+254715087236,FEMALE,Active,
SACCO-0594,FATUMA Rotich,45,Machakos,Agriculture,Nation Media Group,71048,Sep-2021,+254724342463,M,ACTIVE,
SACCO-0595,Fatuma Rotich,53yrs,Kirinyaga,ICT,Kenya Pipeline Company,,2016-01,254719950518,M,Active,
SACCO-0596,EMMANUEL Cheruiyot,39,Narok,Manufacturing,KEBS,4579.0,06/2020,+254764597455,F,inactive,
SACCO-0597,Esther Nyambura,56yrs,Marsabit,Finance,NHIF,2071,2016-10,+254770725487,m,ACTIVE,
SACCO-0598,ADHIAMBO Rotich,23,Taita-Taveta,Manufacturing,,13073,2020-06,0718703143,M,inactive,
SACCO-0599,Salome Nyambura,30,Wajir,Transport,Kenya Railways,,2015-12,0749886613,M,active,
SACCO-0600,Paul sigei,31,Kiambu,Agriculture,,,2021-03,254763050755,m,ACTIVE,
SACCO-0601,Salome Mutua,22,Kakamega,Agriculture,,2187.0,03/2024,0701458621,F,INACTIVE,
SACCO-0602,Ruth Cheruiyot,41 years,Vihiga,Manufacturing,Kisumu County Govt,7.3K,2023-07,254716795114,F,Active,
SACCO-0603,Samuel Onyango,51,Kitui,Transport,Standard Chartered,7.9K,2017-01,,F,Active,
SACCO-0604,Abdi Kariuki,28,Baringo,Agriculture,World Vision Kenya,4.6K,Sep-2018,0704344197,M,active,
SACCO-0605,EMMANUEL Ochieng,,Nandi,ICT,Mombasa County Govt,4.4K,Apr-2023,,FEMALE,ACTIVE,
SACCO-0606,Salome Bett,31,Siaya,Public Service,East African Breweries,3.9K,May-2015,+254791586685,MALE,Active,
SACCO-0607,Karanja Kiptoo,32,Garissa,Finance,AMREF,,06/2023,0717609040,F,inactive,
SACCO-0608,Ruth Njenga,61yrs,Kakamega,Finance,Deloitte Kenya,2.8K,Jan-2016,,FEMALE,inactive,
SACCO-0609,Omondi Waithera,32,West Pokot,Trade,Cooperative Bank,,2017-12,,FEMALE,ACTIVE,
SACCO-0610,Chebet Kimani,45,Homa Bay,Public Service,NSSF Kenya,3414.0,Aug-2017,,F,ACTIVE,
SACCO-0611,Owino Bett,61,Nakuru,Transport,Teachers Service Commission,5468,Jan-2023,0714132859,M,Inactive,
SACCO-0612,Baraka Sigei,51,Marsabit,ICT,Kenya Breweries,6417,Dec-2017,,M,Inactive,
SACCO-0613,Paul Njoroge,29,Kisumu,Finance,Kenya Railways,5.9K,Nov-2017,0776263395,Female,Inactive,
SACCO-0695,Zawadi Kiptoo,25,Mombasa,ICT,PWC Kenya,"KES 67,144",Nov-2019,,F,Active,
SACCO-0615,Salome Kiprotich,33,Machakos,Public Service,Kenya Airways,22.4K,Mar-2019,+254756250794,Male,inactive,
SACCO-0616,Grace Rotich,22yrs,Baringo,Manufacturing,KCB Group,63787.0,Oct-2024,,MALE,ACTIVE,
SACCO-0617,Mohamed kariuki,31,Narok,Agriculture,Teachers Service Commission,22.2K,05/2021,,FEMALE,inactive,
SACCO-0618,Beatrice odongo,34,Marsabit,ICT,KEBS,8728.0,Jun-2018,,Female,Active,
SACCO-0619,Kamau Korir,29yrs,Kitui,Public Service,,"KES 42,749",09/2020,0745073885,M,Inactive,
SACCO-0620,Paul Kipchoge,64yrs,Vihiga,Transport,,4992.0,2016-02,0713933416,M,INACTIVE,
SACCO-0621,Samuel Njenga,62,Samburu,ICT,Equity Bank,1198.0,Apr-2021,+254761019389,M,inactive,
SACCO-0622,Halima Kiptoo,63 years,Homa Bay,Agriculture,Cooperative Bank,62.2K,May-2023,0788406780,f,inactive,
SACCO-0623,Adhiambo Kariuki,22,Trans-Nzoia,ICT,NHIF,"KES 6,820",Jun-2024,,F,INACTIVE,
SACCO-0624,Esther Lagat,58,Tharaka-Nithi,Public Service,AMREF,,Sep-2020,0731000202,f,active,
SACCO-0625,Juma Cheruiyot,57,Narok,Manufacturing,KCB Group,24779,01/2021,0779629793,Female,active,
SACCO-0626,JAMES Lagat,51yrs,Nandi,Manufacturing,KRA,62400.0,May-2018,254732917490,f,Inactive,
SACCO-0627,Achieng gathoni,23yrs,Samburu,ICT,Safaricom PLC,4671,Feb-2024,0737911547,M,Active,
SACCO-0628,Karanja lagat,48,Tharaka-Nithi,Agriculture,Nairobi City County,29360.0,06/2021,254760515891,M,Active,
SACCO-0629,  James Otieno,43,Taita-Taveta,Finance,Nation Media Group,"KES 3,002",2017-09,0716320018,M,Active,
SACCO-0630,Rotich Ogutu,35,Kisii,Manufacturing,KCB Group,2319.0,May-2017,,F,active,
SACCO-0631,Samuel Kiptoo,47,Kirinyaga,Manufacturing,Nairobi City County,1217.0,Jul-2019,0778863503,f,INACTIVE,Pending docs
SACCO-0632,Faith Muthoni,42yrs,Baringo,Public Service,Absa Kenya,3282,2020-06,+254708625670,MALE,INACTIVE,
SACCO-0633,Salome Korir,55,Mombasa,Agriculture,KEBS,5.4K,Mar-2021,0709749620,F,Active,
SACCO-0634,Wanjiku Abubakar,35,Narok,Manufacturing,Bamburi Cement,,Oct-2019,0729187446,F,active,
SACCO-0635,Florence Mutuku,65 years,Narok,ICT,Kenya Airways,30486,08/2015,+254736831418,M,Active,
SACCO-0636,Baraka Nyambura,,West Pokot,Agriculture,Kenya Pipeline Company,KES 643,Jul-2017,,M,active,
SACCO-0637,Omondi Cheruiyot,39,Nandi,Public Service,KCB Group,"KES 5,480",08/2020,0752791522,FEMALE,active,
SACCO-0638,Wafula Cheruiyot,23,Nairobi,Manufacturing,,,Apr-2021,254725657019,f,inactive,
SACCO-0639,Wanjiku Wanjiku,24,Kajiado,Agriculture,Kisumu County Govt,7692,Jul-2024,,Female,Active,
SACCO-0640,Rotich Njenga,48yrs,Makueni,Agriculture,Total Kenya,"KES 7,591",08/2024,0737653656,m,Active,
SACCO-0641,Fatuma wanjiku,37yrs,Kericho,Transport,KCB Group,3438,Jan-2022,0789992846,f,Active,
SACCO-0642,Karanja Cheruiyot,42 years,Kajiado,Transport,Kenya Breweries,,2023-02,,F,active,
SACCO-0815,Ndegwa Njenga,49,Kajiado,ICT,East African Breweries,,2017-08,0799995696,M,active,
SACCO-0644,Emmanuel Mwangi,,Machakos,Trade,Absa Kenya,,09/2021,0744793758,F,Active,
SACCO-0645,Moses Muthoni,,Isiolo,Finance,BAT Kenya,"KES 9,167",Nov-2016,,M,Active,
SACCO-0646,AMINA Nyambura,36,Wajir,Transport,,"KES 3,116",2016-04,0792836226,M,inactive,
SACCO-0647,Fatuma Wanjiku,28,Wajir,Finance,BAT Kenya,,Mar-2018,0709322043,F,active,
SACCO-0648,  Florence Njoroge,38,Uasin Gishu,Transport,World Vision Kenya,73.5K,2024-06,0778270257,f,active,
SACCO-0649,Kamau Odongo,36yrs,Uasin Gishu,ICT,Kenya Railways,5661.0,2016-05,+254745053851,m,INACTIVE,
SACCO-0650,  Daniel Gathoni,44,Bomet,Finance,World Vision Kenya,5805.0,Aug-2024,+254792044391,Female,Active,
SACCO-0651,Odhiambo Mwangi,23,Wajir,Public Service,Cooperative Bank,3482,2016-04,+254750704539,FEMALE,inactive,
SACCO-0652,Faith Bett,65,Bomet,Public Service,East African Breweries,"KES 12,729",May-2019,+254777781432,F,active,
SACCO-0653,Mercy Odongo,40,Nairobi,Public Service,Kenya Pipeline Company,1656.0,Nov-2022,+254738893851,Female,Inactive,
SACCO-0654,Fatuma Kariuki,59,Tana River,Trade,Kenya Power,"KES 7,830",Jan-2015,254747005495,f,active,
SACCO-0655,Rose Wekesa,31,Bungoma,Public Service,East African Breweries,60.3K,Apr-2019,0747597933,Female,Inactive,
SACCO-0656,Omondi Bett,41,Vihiga,Transport,Kenya Ports Authority,1232,03/2024,0726777331,F,Active,
SACCO-0657,Hassan Odongo,33,Vihiga,Agriculture,Kenya Railways,"KES 4,830",2020-09,0795643352,F,active,
SACCO-0658,  Mercy Kariuki,48,Kisii,Finance,Kenya Pipeline Company,79394,10/2018,+254717082542,MALE,inactive,
SACCO-0659,  Juma Wekesa,55,Nakuru,Agriculture,Equity Bank,7301,06/2016,+254739000574,m,inactive,Follow up
SACCO-0660,Peter Mwangi,35yrs,Turkana,Transport,BAT Kenya,5346,05/2017,,M,active,
SACCO-0661,WAFULA Mutuku,29yrs,Murang'a,Manufacturing,Safaricom PLC,"KES 14,731",Aug-2023,0716349251,Male,Active,
SACCO-0662,Ann Gathoni,64yrs,Vihiga,Manufacturing,Deloitte Kenya,7676,12/2017,+254722921098,m,Active,
SACCO-0663,Fatuma mwangi,45yrs,Homa Bay,Public Service,Kenya Red Cross,,2022-07,0719886575,Male,active,
SACCO-0664,Hassan Ochieng,61,Nandi,Manufacturing,Kenya Breweries,1.5K,May-2022,0721248616,f,active,
SACCO-0665,Ruth Kiprotich,63,Kitui,Transport,East African Breweries,,2017-05,0788374850,F,INACTIVE,
SACCO-0666,Baraka Njoroge,54 years,Isiolo,Trade,Kenya Railways,15056.0,Oct-2024,254782876094,M,Active,
SACCO-0667,Odhiambo Kimani,65,Embu,ICT,Teachers Service Commission,19.5K,2018-02,254723353610,F,INACTIVE,
SACCO-0668,  Achieng Kamau,26,Trans-Nzoia,Finance,,36.5K,Jun-2017,0760332161,FEMALE,active,
SACCO-0669,Owino Njoroge,34 years,Vihiga,ICT,Total Kenya,2.0K,02/2018,,M,Active,
SACCO-0670,Wanjiku Rotich,26,Lamu,Transport,,5793.0,Aug-2023,+254727846793,Male,Inactive,
SACCO-0671,Rose sigei,49yrs,Kiambu,Finance,KCB Group,21964,May-2023,0766936024,Female,Inactive,
SACCO-0672,Fatuma Cheruiyot,26,Uasin Gishu,Trade,KCB Group,"KES 1,691",2018-09,0767115173,Female,active,
SACCO-0673,Peter Njoroge,63,Bomet,Public Service,Kisumu County Govt,31313,Mar-2015,0798498722,m,INACTIVE,
SACCO-0674,Daniel Mutuku,61 years,Kisumu,Trade,KCB Group,6.0K,12/2024,,Male,Active,
SACCO-0675,Omondi Ochieng,44,Kajiado,ICT,,21.8K,2018-01,,f,active,
SACCO-0676,Agnes Mwangi,25,Siaya,Transport,Kenya Railways,"KES 34,580",Sep-2021,0758781037,Female,INACTIVE,
SACCO-0677,Abdi Muthoni,,Embu,Public Service,,2356.0,Oct-2023,254701999650,F,Active,
SACCO-0678,Faith Kipchoge,60yrs,Murang'a,Trade,,1865.0,Nov-2022,0710308436,MALE,Active,
SACCO-0679,Halima Bett,41,Turkana,Trade,NSSF Kenya,16691.0,May-2023,+254772668051,M,INACTIVE,
SACCO-0680,Joseph Njoroge,30,Isiolo,Manufacturing,Mombasa County Govt,15494.0,Feb-2018,0719053714,F,Inactive,
SACCO-0681,  Wafula Kariuki,39yrs,Kajiado,ICT,KCB Group,12312,07/2024,0751350116,M,Active,
SACCO-0682,GRACE Onyango,56 years,Mombasa,Finance,World Vision Kenya,1.8K,Oct-2019,0703670202,f,Inactive,
SACCO-0683,Moses Mutua,57,Nyamira,Transport,Mombasa County Govt,1.7K,08/2023,+254796532100,Male,Active,
SACCO-0684,  Samuel nyambura,65,Machakos,Manufacturing,,"KES 2,327",Oct-2020,0782617353,F,Active,
SACCO-0685,Paul kariuki,42,Kilifi,Public Service,Kenya Breweries,11141,Aug-2015,+254748147073,f,Active,
SACCO-0686,Njeri Gathoni,26,Kirinyaga,ICT,Teachers Service Commission,7919,Mar-2022,0723420365,Female,Active,
SACCO-0687,Otieno Kipchoge,59,Turkana,Transport,,3986,May-2019,+254747423826,M,Active,
SACCO-0688,John waithera,35,Trans-Nzoia,ICT,NHIF,2310.0,11/2016,0737994945,F,inactive,
SACCO-0689,Salome Bett,,Uasin Gishu,Trade,Equity Bank,7088,Oct-2017,0781743716,F,ACTIVE,
SACCO-0690,Peter Wanjiku,59,Nyamira,Manufacturing,Standard Chartered,13301.0,2016-02,+254730142752,FEMALE,active,
SACCO-0691,Ann mutua,25yrs,Makueni,Finance,Total Kenya,"KES 23,485",2019-04,,F,inactive,
SACCO-0692,Odhiambo Waithera,37,Migori,Trade,KCB Group,"KES 66,714",2023-02,+254787688458,F,inactive,
SACCO-0693,Chebet Onyango,65yrs,Kisii,Finance,Kisumu County Govt,4.8K,Jun-2020,+254754828316,FEMALE,active,
SACCO-0694,Ndegwa Bett,32,Kirinyaga,ICT,Bamburi Cement,,Dec-2022,254704573558,M,Active,
SACCO-0695,John Sigei,49,Homa Bay,Transport,Bamburi Cement,5349,Feb-2019,+254745183120,Female,INACTIVE,
SACCO-0696,Samuel Rotich,62,Vihiga,Trade,World Vision Kenya,"KES 1,743",Dec-2017,,MALE,Active,
SACCO-0697,Peter Odongo,46,Kilifi,Finance,AMREF,28709.0,Apr-2016,0745783977,Male,active,
SACCO-0698,Grace Korir,33,Kisumu,ICT,AMREF,1.6K,07/2018,254777193691,F,Inactive,
SACCO-0699,Fatuma Gathoni,32,Kirinyaga,Finance,World Vision Kenya,6279,Nov-2018,0712881682,f,ACTIVE,
SACCO-0700,Otieno Bett,22,Mombasa,Trade,Nairobi City County,7119,2024-07,0769913195,Male,INACTIVE,
SACCO-0539,Wafula Waithera,27,Nyandarua,Transport,PWC Kenya,21116,2020-02,254729855629,F,active,
SACCO-0702,Beatrice Mutua,42,Kisumu,Public Service,Safaricom PLC,1.4K,Jun-2023,+254774916347,f,Active,
SACCO-0703,Wanjiku nyambura,36yrs,Kirinyaga,Public Service,Kenya Railways,"KES 17,576",12/2017,0717688813,f,INACTIVE,
SACCO-0704,SAMUEL Ogutu,57yrs,Mandera,Manufacturing,Equity Bank,"KES 35,150",Oct-2019,0778369591,F,active,
SACCO-0705,Hassan Cheruiyot,53,Tharaka-Nithi,Public Service,Nation Media Group,"KES 74,456",May-2022,,MALE,ACTIVE,
SACCO-0706,Faith Abubakar,33,Narok,Transport,Safaricom PLC,,Dec-2021,254764926313,f,active,
SACCO-0707,Kamau Korir,48,Narok,Trade,PWC Kenya,,08/2021,,F,ACTIVE,
SACCO-0708,Otieno Korir,32yrs,Tharaka-Nithi,Agriculture,Nation Media Group,6991.0,10/2017,0796935898,F,inactive,Follow up
SACCO-0709,Halima Njenga,25yrs,Trans-Nzoia,Finance,Nairobi City County,4.8K,2023-07,0730780751,M,Inactive,
SACCO-0710,  Rose Mutua,23 years,Isiolo,Agriculture,Total Kenya,,Jan-2022,0740462140,Female,ACTIVE,
SACCO-0711,Samuel Kimani,47,Nyandarua,ICT,KCB Group,1714,2023-12,+254798333119,M,inactive,
SACCO-0712,Rotich Kimani,34,Kajiado,ICT,Kenya Airways,"KES 9,531",May-2015,0727201463,FEMALE,active,
SACCO-0713,Grace Mutuku,39,Wajir,Finance,Total Kenya,3940,2015-08,254750028002,m,active,
SACCO-0714,Kamau Lagat,52yrs,Kitui,Trade,,8823,02/2016,254727874581,Male,Active,
SACCO-0715,Joseph Cheruiyot,58 years,Nakuru,ICT,,,Dec-2019,0720214797,m,active,
SACCO-0716,Amina Wanjiku,53yrs,Narok,Transport,KRA,30029,09/2022,,M,Active,
SACCO-0717,Baraka Wekesa,29,Busia,ICT,Safaricom PLC,21428,Aug-2021,+254770409156,m,active,
SACCO-0718,Fatuma Kimani,65,Narok,Finance,Kenya Ports Authority,KES 633,Mar-2017,0791942348,Female,ACTIVE,
SACCO-0719,Owino Njoroge,30,Mandera,ICT,,2605,Mar-2021,,M,ACTIVE,
SACCO-0720,Omondi Onyango,61,Uasin Gishu,Agriculture,,4127.0,06/2018,0725855792,f,inactive,
SACCO-0721,Hassan Rotich,38yrs,Kitui,Transport,Nairobi City County,20972,2017-02,0737579022,Female,Active,
SACCO-0722,Esther Njenga,59yrs,Elgeyo-Marakwet,Transport,Kenya Pipeline Company,"KES 7,315",2017-01,0729050549,f,Active,
SACCO-0723,WANJIKU Abubakar,30yrs,Busia,Public Service,PWC Kenya,,2019-09,+254732315990,F,Inactive,
SACCO-0724,Hassan Cheruiyot,,Uasin Gishu,Transport,NHIF,2352,07/2017,+254765779236,F,Active,
SACCO-0725,Esther Rotich,51 years,Nandi,Transport,Absa Kenya,29910,Apr-2023,,FEMALE,Active,
SACCO-0167,Ndegwa Kariuki,45,Garissa,Agriculture,Nation Media Group,5768,11/2019,,m,Active,
SACCO-0727,JAMES Cheruiyot,52,Tharaka-Nithi,Public Service,BAT Kenya,4675,Feb-2023,,m,ACTIVE,
SACCO-0728,Chebet Mutuku,25,Mandera,Agriculture,Kenya Airways,3433,2023-05,+254726062717,m,Inactive,
SACCO-0729,Mohamed Bett,59 years,Trans-Nzoia,Finance,Kenya Power,19.0K,2021-07,0789877717,M,ACTIVE,
SACCO-0730,  Amina Mutuku,60,Garissa,Public Service,KEBS,,May-2015,0747068114,Male,inactive,
SACCO-0731,Mercy mutuku,27,Samburu,Transport,Kenya Power,,04/2015,0761787010,m,Active,
SACCO-0732,Esther Bett,30,Siaya,Transport,Mombasa County Govt,,Oct-2017,254730327888,F,Active,
SACCO-0733,Owino Wanjiku,44yrs,Nandi,ICT,Deloitte Kenya,"KES 68,843",2017-01,0778547299,Male,Active,
SACCO-0449,Halima Otieno,35,Garissa,Finance,NHIF,19704.0,02/2019,0728282626,Male,Active,
SACCO-0735,Florence Otieno,59,West Pokot,Public Service,PWC Kenya,6690.0,2015-06,0784486312,MALE,Active,
SACCO-0736,Abdi Otieno,44,Kwale,Finance,KEBS,1756.0,10/2022,+254777304740,m,active,
SACCO-0737,Moses Rotich,47,Embu,ICT,Kenya Pipeline Company,3.9K,02/2023,,F,Active,
SACCO-0738,Hassan Bett,55,West Pokot,ICT,Kenya Railways,6145,2020-01,254741509991,M,Inactive,
SACCO-0739,Mercy Kariuki,33,Machakos,Manufacturing,KRA,5.8K,2021-02,+254720688043,f,Inactive,
SACCO-0740,Halima Kimani,35,Makueni,Public Service,NHIF,"KES 3,986",Feb-2018,254742729112,M,inactive,
SACCO-0741,Agnes Mutua,56,Tana River,Transport,AMREF,45.0K,2015-04,254723912234,F,Inactive,
SACCO-0742,Joseph Kamau,63,Tana River,Manufacturing,Equity Bank,34588,Feb-2021,0787784425,M,Inactive,
SACCO-0743,Emmanuel Ochieng,33,Lamu,Finance,,19829,06/2016,+254713610361,F,inactive,
SACCO-0744,Chebet Odongo,22,Makueni,Public Service,Absa Kenya,3830.0,Jul-2019,0785109767,f,INACTIVE,
SACCO-0745,Emmanuel Wanjiku,45,Kilifi,Public Service,Bamburi Cement,,Mar-2016,+254794967728,M,inactive,
SACCO-0746,MERCY Muthoni,29,Kwale,Trade,Equity Bank,16.7K,05/2020,0790596467,f,active,
SACCO-0747,HALIMA Muthoni,62,Nyeri,Trade,AMREF,7614,Apr-2021,0771804498,m,active,
SACCO-0748,Amina Rotich,37,Nyamira,ICT,Total Kenya,"KES 5,631",Feb-2015,0705138845,FEMALE,active,
SACCO-0749,Baraka Kiprotich,62 years,Vihiga,Public Service,Kenya Power,26353,12/2019,254710641221,F,Active,
SACCO-0750,Owino Korir,37yrs,Nakuru,Trade,East African Breweries,"KES 3,283",2021-05,0724926040,Female,active,
SACCO-0751,Agnes Korir,23 years,Makueni,Manufacturing,Kisumu County Govt,36023,Nov-2024,0729705562,m,Active,
SACCO-0752,Moses Wanjiku,48yrs,Bomet,Finance,Standard Chartered,"KES 8,667",Jan-2023,0742901731,Male,active,
SACCO-0753,Karanja Onyango,38,Makueni,ICT,East African Breweries,17.3K,2022-09,0711152419,FEMALE,Inactive,
SACCO-0754,  Mohamed Waithera,61yrs,Elgeyo-Marakwet,Trade,East African Breweries,,05/2015,,F,active,
SACCO-0755,Wafula Kimani,29yrs,Kilifi,ICT,KEBS,7319.0,09/2021,+254729226259,Female,Inactive,
SACCO-0756,Omondi Mwangi,62,Marsabit,Finance,Standard Chartered,4685,2021-08,254738424310,Male,INACTIVE,
SACCO-0757,Fatuma Kariuki,51yrs,Lamu,Agriculture,Standard Chartered,4219.0,07/2021,0785418427,F,active,
SACCO-0758,Njeri Kamau,23,Murang'a,Manufacturing,East African Breweries,3245.0,Jun-2016,,Female,active,
SACCO-0759,Kiptoo Waithera,33,Mandera,Manufacturing,Kenya Airways,32483,Jan-2016,+254761898476,m,Inactive,
SACCO-0760,Mutua Waithera,60,Uasin Gishu,Manufacturing,Kenya Breweries,7845.0,2016-01,+254791539657,f,INACTIVE,
SACCO-0761,Mwangi Kiptoo,56,Baringo,Transport,Bamburi Cement,,2022-08,0708024377,F,inactive,
SACCO-0762,Zawadi Lagat,63,Nyeri,Agriculture,Kenya Railways,13.0K,2024-02,+254749186033,F,INACTIVE,
SACCO-0763,Karanja gathoni,26,Mandera,Public Service,World Vision Kenya,12835,Jun-2019,0759682874,Male,Active,
SACCO-0764,Otieno njenga,23,Trans-Nzoia,Finance,Cooperative Bank,4275.0,Dec-2019,0785079890,m,ACTIVE,
SACCO-0765,Catherine wekesa,46,Embu,Agriculture,NSSF Kenya,6542,03/2019,0734818920,Male,inactive,
SACCO-0766,Emmanuel Kamau,63,Garissa,Trade,Total Kenya,"KES 7,145",Nov-2022,+254770496099,Male,Inactive,
SACCO-0767,Mwangi Abubakar,31,Nyamira,ICT,Safaricom PLC,15312.0,08/2020,,f,inactive,
SACCO-0768,Mary Bett,64,Tharaka-Nithi,Agriculture,Kenya Airways,"KES 13,320",2019-09,+254799489949,M,inactive,
SACCO-0769,Mary Nyambura,33yrs,Kitui,ICT,KRA,,Mar-2022,0781757079,F,ACTIVE,
SACCO-0770,Mwangi Bett,25,Murang'a,Finance,World Vision Kenya,10779.0,02/2022,0706856217,Female,Active,
SACCO-0771,Njeri Njoroge,35yrs,Kajiado,Finance,Kenya Power,,2016-12,0786251983,f,active,
SACCO-0772,Wanjiku Gathoni,53yrs,Bomet,Finance,BAT Kenya,"KES 1,424",2019-05,0733423167,Female,active,
SACCO-0773,Wafula Njenga,42,Garissa,Public Service,BAT Kenya,9581,07/2016,,Male,active,
SACCO-0774,Mutua Ogutu,35,Kajiado,Trade,World Vision Kenya,"KES 3,824",Nov-2016,0781809287,Female,Inactive,
SACCO-0775,Juma Kiptoo,64,Isiolo,Public Service,Deloitte Kenya,4985.0,Dec-2021,+254735279856,f,Inactive,
SACCO-0776,Abdi Mutua,50,West Pokot,Public Service,World Vision Kenya,,2021-01,+254747460993,M,active,
SACCO-0777,Ruth Ogutu,40,Mombasa,Trade,Absa Kenya,7.5K,09/2020,254726770013,Female,Inactive,
SACCO-0778,Mwangi Nyambura,59,Kisumu,ICT,PWC Kenya,,Apr-2022,+254781430545,M,Active,
SACCO-0779,Ann Rotich,52,Kiambu,Trade,World Vision Kenya,5304.0,03/2017,0777052803,M,Active,
SACCO-0780,Florence Gathoni,23,Kiambu,ICT,Teachers Service Commission,,2020-06,254759839681,M,Inactive,
SACCO-0781,Zawadi Abubakar,38,Mombasa,Manufacturing,Safaricom PLC,7093.0,2021-07,254706446622,M,INACTIVE,
SACCO-0782,James Muthoni,42 years,Tana River,Trade,East African Breweries,509,Dec-2016,,f,active,
SACCO-0783,Njeri Odongo,34 years,Lamu,Public Service,NHIF,13124,Dec-2022,0744349489,Female,Inactive,
SACCO-0479,Catherine Mutua,23,Laikipia,Agriculture,Nation Media Group,7.8K,Jan-2015,0757331055,f,active,
SACCO-0785,Ann Waithera,58,Mandera,ICT,East African Breweries,9015,Apr-2017,0713542098,Female,inactive,
SACCO-0786,Ann Rotich,42,Makueni,Manufacturing,Nairobi City County,10193,May-2021,254729156896,M,inactive,
SACCO-0787,  Wafula Cheruiyot,35,Busia,Public Service,Standard Chartered,63415,2021-10,,Male,active,
SACCO-0788,Kiptoo Njenga,60,Narok,Public Service,Nairobi City County,,Sep-2016,+254734263710,FEMALE,Active,
SACCO-0789,Salome Lagat,45,Kiambu,Public Service,NSSF Kenya,6820.0,Dec-2018,254786380107,f,Active,
SACCO-0790,  Moses Otieno,37,Nairobi,Manufacturing,Total Kenya,78833,Jan-2022,254728162314,Female,Inactive,
SACCO-0791,Kiptoo Muthoni,31 years,Makueni,Manufacturing,Cooperative Bank,4.7K,Mar-2016,0727390737,Female,INACTIVE,
SACCO-0792,Mohamed Kariuki,52,Kakamega,Public Service,Equity Bank,"KES 5,836",12/2024,0721229564,F,Active,
SACCO-0793,Mwangi Kimani,48,Marsabit,Public Service,Kenya Railways,4.4K,05/2015,0734475383,Female,Inactive,
SACCO-0794,Ruth Kimani,58,Embu,Finance,Kenya Railways,15.0K,04/2017,0799748634,F,inactive,
SACCO-0795,Odhiambo Gathoni,43 years,Kwale,Transport,East African Breweries,"KES 7,438",2024-05,0717677427,F,Active,
SACCO-0043,Otieno Mutua,,Kilifi,Agriculture,Kenya Railways,21772.0,Mar-2018,+254701572026,Male,Inactive,
SACCO-0797,James Lagat,61,Busia,Agriculture,AMREF,18344,Jun-2023,0725007366,f,active,
SACCO-0798,Florence Kimani,55,Trans-Nzoia,Public Service,Deloitte Kenya,7766,Mar-2023,254761395676,M,ACTIVE,
SACCO-0799,Halima Korir,27,Garissa,Manufacturing,Standard Chartered,1.0K,Apr-2023,0791345145,M,ACTIVE,
SACCO-0800,Paul njenga,55,Marsabit,Trade,Bamburi Cement,,Mar-2023,+254713440304,Female,inactive,
SACCO-0801,Ruth Wekesa,49,Nyandarua,Agriculture,,904,2023-07,0762814453,m,Active,
SACCO-0802,Ruth Onyango,61yrs,Kiambu,Agriculture,World Vision Kenya,"KES 7,466",2017-08,0732542841,M,Inactive,
SACCO-0803,Adhiambo Cheruiyot,39,Homa Bay,Agriculture,AMREF,20763.0,04/2017,0790226266,F,active,
SACCO-0804,Mary Kimani,36yrs,Kajiado,ICT,Safaricom PLC,"KES 2,500",Aug-2024,0796637679,F,INACTIVE,
SACCO-0805,Owino Kimani,32,Wajir,ICT,Teachers Service Commission,,04/2019,,Female,active,
SACCO-0806,Florence Njoroge,48,Meru,ICT,World Vision Kenya,2168,05/2019,+254744134771,f,INACTIVE,
SACCO-0807,Omondi Wanjiku,,Vihiga,Transport,Kisumu County Govt,6489,09/2022,0775916242,Male,INACTIVE,
SACCO-0808,Paul Kimani,28yrs,Nyeri,ICT,KRA,,2024-07,254796407117,F,inactive,
SACCO-0809,James Sigei,62 years,Vihiga,Transport,Kenya Pipeline Company,,Mar-2024,0744152565,MALE,inactive,
SACCO-0810,Owino Rotich,37,Nakuru,Trade,Kenya Breweries,11636.0,Mar-2019,+254773454371,m,ACTIVE,
SACCO-0811,Mutua Sigei,44yrs,Embu,Trade,NHIF,,11/2016,+254783456546,M,Inactive,
SACCO-0812,Ruth Njoroge,45 years,Uasin Gishu,Trade,Kenya Power,5309,2024-05,+254793983051,F,active,
SACCO-0813,JOSEPH Wanjiku,60,Makueni,Public Service,NSSF Kenya,,Sep-2020,,M,INACTIVE,
SACCO-0814,Fatuma Kamau,36,Kisumu,Manufacturing,Bamburi Cement,38456,01/2019,,F,Active,
SACCO-0815,KARANJA Wekesa,23,Taita-Taveta,ICT,Kenya Breweries,"KES 23,444",Oct-2023,254724972287,Female,active,
SACCO-0816,Baraka Mutua,45 years,Kirinyaga,Public Service,Cooperative Bank,"KES 48,629",06/2018,,M,inactive,
SACCO-0817,Adhiambo Kiptoo,54 years,Marsabit,Trade,Safaricom PLC,78.0K,2024-04,254796309881,FEMALE,inactive,
SACCO-0818,Amina Odongo,,Vihiga,Agriculture,,6497,09/2022,+254746654498,m,Active,
SACCO-0129,Moses Gathoni,23 years,Tana River,Public Service,,,Jul-2017,0760681408,m,Inactive,
SACCO-0820,John muthoni,65yrs,Nairobi,Finance,,4646.0,Oct-2020,+254709531256,Male,ACTIVE,
SACCO-0821,Adhiambo Kamau,,Tana River,Transport,Safaricom PLC,,07/2016,,F,ACTIVE,
SACCO-0822,Abdi kipchoge,49,Tana River,Agriculture,KEBS,5476,Apr-2018,+254786869105,F,ACTIVE,
SACCO-0823,Kamau Bett,25yrs,Meru,Manufacturing,Kenya Power,5.1K,Jan-2023,0751640743,f,active,
SACCO-0824,Mwangi Kipchoge,33yrs,Nandi,Agriculture,NSSF Kenya,2323.0,Oct-2017,,m,inactive,
SACCO-0825,  Rotich Cheruiyot,24,Nyeri,ICT,Kenya Pipeline Company,2581,Feb-2019,+254724215127,M,Active,
SACCO-0826,Rotich Kamau,64yrs,Siaya,ICT,Kenya Breweries,,Feb-2023,0749082552,FEMALE,active,
SACCO-0827,OTIENO Rotich,52 years,Makueni,Transport,World Vision Kenya,22.4K,Sep-2016,0787886323,Male,active,
SACCO-0828,Juma Njenga,42,Bungoma,Trade,Deloitte Kenya,"KES 7,739",Jul-2021,+254703198965,F,active,
SACCO-0829,Daniel Kiptoo,25yrs,Kisumu,Manufacturing,KCB Group,2074,2024-12,0772851642,F,Active,
SACCO-0830,Hassan Lagat,25,Lamu,ICT,Absa Kenya,6797.0,03/2023,,MALE,Active,
SACCO-0831,Odhiambo Wanjiku,53,Tharaka-Nithi,Finance,Kenya Power,71633,2021-04,,M,Active,
SACCO-0832,Abdi Kipchoge,45,Homa Bay,Agriculture,Kenya Railways,50249,10/2018,+254756752704,m,INACTIVE,
SACCO-0833,Esther Mutua,22,Migori,Public Service,Kisumu County Govt,5.0K,Aug-2018,+254701399851,F,ACTIVE,
SACCO-0834,Florence Wanjiku,29,Tana River,Agriculture,KEBS,"KES 2,665",Dec-2017,254791389602,m,Active,
SACCO-0835,James gathoni,34,Turkana,ICT,BAT Kenya,,01/2023,0714675889,M,Inactive,
SACCO-0836,CATHERINE Kiptoo,45,Kakamega,Public Service,Nation Media Group,,2023-04,0797295794,Female,INACTIVE,
SACCO-0837,Owino Kipchoge,63,Siaya,Manufacturing,Mombasa County Govt,"KES 7,973",03/2018,+254745082208,F,inactive,
SACCO-0838,Adhiambo Kamau,,Narok,Agriculture,Safaricom PLC,4863.0,09/2021,254783025237,m,Inactive,
SACCO-0839,Omondi Mwangi,58,Siaya,ICT,East African Breweries,2484,Nov-2018,0773226848,Female,INACTIVE,
SACCO-0840,Esther Lagat,50,Murang'a,Transport,BAT Kenya,72461.0,11/2020,+254720553823,f,Active,
SACCO-0841,Moses Kipchoge,38,Trans-Nzoia,Transport,Kenya Power,KES 735,Mar-2019,254755079123,Male,Active,
SACCO-0842,Beatrice Rotich,48,Busia,Public Service,Standard Chartered,KES 888,06/2020,254717866349,M,Active,
SACCO-0843,Ndegwa Sigei,45,Turkana,ICT,World Vision Kenya,3.5K,Nov-2020,0752724691,M,ACTIVE,
SACCO-0844,JOSEPH Muthoni,57,Makueni,Public Service,Kenya Pipeline Company,"KES 5,358",Aug-2017,0727709690,Female,Active,Verified
SACCO-0845,James njenga,34,Narok,Public Service,KRA,,Aug-2017,+254782184856,Female,Active,
SACCO-0846,MWANGI Mutuku,25,Machakos,Trade,Kenya Pipeline Company,7.0K,Dec-2018,0728589967,M,active,
SACCO-0847,Faith Njoroge,41,Turkana,Manufacturing,Kenya Ports Authority,5.2K,Jul-2017,+254782985330,Female,active,
SACCO-0848,Amina Wanjiku,,Kakamega,Public Service,Safaricom PLC,23254.0,07/2017,0764005756,M,ACTIVE,
SACCO-0849,Faith Odongo,23,Makueni,Finance,Cooperative Bank,,Jun-2016,+254718111796,Female,INACTIVE,
SACCO-0850,Florence Ogutu,27,Tana River,Agriculture,,1.8K,Mar-2021,0733918937,F,active,
SACCO-0851,Daniel Abubakar,37 years,Kirinyaga,Public Service,Absa Kenya,31996,2019-12,+254788139894,M,active,
SACCO-0852,  Joseph Kariuki,46,Taita-Taveta,Public Service,Standard Chartered,4481,Dec-2019,254749230243,f,inactive,
SACCO-0853,Abdi Wekesa,57,Laikipia,Trade,KCB Group,5.2K,2016-11,,M,Active,
SACCO-0854,Adhiambo Mutuku,58 years,Machakos,ICT,KCB Group,23781,2015-12,0782874168,Female,INACTIVE,
SACCO-0855,Beatrice Sigei,61,Mandera,Manufacturing,Nairobi City County,68.1K,Mar-2016,0712292455,f,Active,
SACCO-0856,Njeri Lagat,52 years,Mandera,Public Service,Nation Media Group,7381.0,2022-05,254779431668,M,Active,
SACCO-0857,Mutua Ogutu,58,Wajir,Agriculture,Kenya Red Cross,7449.0,2018-03,0730563463,Female,active,
SACCO-0858,John Otieno,44 years,Isiolo,Agriculture,Deloitte Kenya,17.5K,2019-05,0708677624,Male,INACTIVE,
SACCO-0859,Grace Mutuku,50,Lamu,Agriculture,Kenya Airways,6741.0,12/2020,,Female,ACTIVE,
SACCO-0860,Halima Mutua,41 years,Narok,Finance,AMREF,7441,Mar-2024,+254747364760,f,Inactive,
SACCO-0861,Juma Waithera,31,Siaya,Public Service,Kenya Power,18.2K,2020-07,0784851513,F,Inactive,
SACCO-0862,Mutua Wekesa,28,Taita-Taveta,Manufacturing,Kisumu County Govt,42715,Aug-2015,254740738050,f,Active,
SACCO-0863,Paul Mutua,32,Makueni,Agriculture,Cooperative Bank,4.8K,2016-06,0781579904,F,INACTIVE,
SACCO-0573,SALOME Njoroge,32,Kajiado,Transport,Nation Media Group,"KES 45,645",Oct-2016,0737835591,F,ACTIVE,
SACCO-0865,JAMES Njoroge,48,Narok,Transport,KRA,7.6K,2020-11,,Male,active,
SACCO-0866,Ndegwa bett,62yrs,Embu,Transport,East African Breweries,,08/2018,0702603460,MALE,Inactive,Follow up
SACCO-0867,Mohamed Mutuku,39,Siaya,ICT,Nairobi City County,5.6K,Dec-2019,+254707921698,F,Active,
SACCO-0868,Joseph Njoroge,42,Narok,Finance,Kenya Ports Authority,,10/2018,254739677387,m,Active,
SACCO-0869,Fatuma Nyambura,22,Kericho,Manufacturing,Mombasa County Govt,12854,Feb-2021,+254719812515,F,Active,
SACCO-0870,Mohamed Kimani,34 years,Kwale,Trade,KEBS,3677.0,Jan-2020,+254743827193,F,Inactive,
SACCO-0747,Rose Kariuki,47,Elgeyo-Marakwet,ICT,World Vision Kenya,18320,06/2019,0776306755,Male,ACTIVE,
SACCO-0872,Daniel Mutuku,28yrs,Mandera,Manufacturing,KCB Group,12892.0,Jun-2020,254746113600,Male,active,
SACCO-0873,Esther Kiptoo,27 years,Busia,Manufacturing,Safaricom PLC,,Apr-2019,+254786538031,M,active,
SACCO-0874,EMMANUEL Ochieng,31,Kisii,Finance,Kenya Airways,24521,01/2021,+254738874742,Female,ACTIVE,
SACCO-0875,Otieno Ogutu,59,Nandi,Transport,,12164.0,2020-09,0722035756,M,Active,
SACCO-0876,Joseph Korir,46,Bungoma,ICT,Nation Media Group,15941,2018-06,0752698234,F,Active,
SACCO-0877,Esther Mwangi,33,Siaya,ICT,,22388.0,2018-04,,f,ACTIVE,
SACCO-0878,Hassan Rotich,36yrs,Kirinyaga,Manufacturing,Total Kenya,30569,2015-04,0744819596,FEMALE,Inactive,
SACCO-0879,Juma Kamau,52yrs,Laikipia,ICT,,4.8K,02/2018,254700036337,Female,inactive,
SACCO-0880,Wanjiku Korir,32,Trans-Nzoia,Manufacturing,Deloitte Kenya,61269,2021-12,0710213902,Female,Active,
SACCO-0881,Wafula korir,35,Tharaka-Nithi,Transport,PWC Kenya,4.3K,Mar-2022,254711555511,Male,inactive,
SACCO-0882,AMINA Gathoni,26 years,Kakamega,Manufacturing,KCB Group,"KES 20,015",Jan-2021,254758047492,F,INACTIVE,
SACCO-0883,OTIENO Mwangi,39 years,Nyamira,Public Service,Nairobi City County,20.2K,Nov-2015,0725242303,Male,Active,
SACCO-0884,James Cheruiyot,53 years,Mandera,ICT,AMREF,14254,02/2020,254761237842,Male,Inactive,
SACCO-0885,Moses Onyango,62,Kilifi,Finance,Standard Chartered,"KES 42,144",May-2020,254790282620,Male,active,
SACCO-0886,Grace Mutuku,,Kitui,Public Service,Kenya Breweries,,Jan-2017,0783894510,F,active,
SACCO-0887,James Wekesa,,Migori,Agriculture,Total Kenya,"KES 23,183",02/2023,,Female,Active,
SACCO-0888,Ruth Kiptoo,45yrs,Homa Bay,Finance,PWC Kenya,6.7K,Oct-2018,+254754760624,FEMALE,Active,
SACCO-0889,Rotich Cheruiyot,22,Garissa,ICT,Safaricom PLC,"KES 14,090",2016-12,,F,Active,
SACCO-0890,NDEGWA Kariuki,35,Lamu,Agriculture,KCB Group,,2016-07,+254788796442,m,Inactive,
SACCO-0891,Karanja Korir,52yrs,Samburu,Agriculture,PWC Kenya,"KES 6,531",Aug-2015,0704166161,Male,inactive,
SACCO-0892,Omondi Muthoni,44,Lamu,Public Service,Kenya Power,"KES 20,647",02/2022,0772978870,F,inactive,
SACCO-0893,Omondi Waithera,60,Kisumu,Trade,Mombasa County Govt,"KES 17,911",04/2022,,M,inactive,
SACCO-0894,JOHN Waithera,39yrs,Siaya,ICT,Kenya Pipeline Company,,05/2015,,M,active,
SACCO-0895,Otieno Korir,65,Kiambu,Manufacturing,BAT Kenya,"KES 52,842",2015-07,,m,Active,
SACCO-0744,Abdi Sigei,36 years,Wajir,Agriculture,Safaricom PLC,,2017-12,+254781229370,F,Inactive,
SACCO-0897,Kamau Wanjiku,62yrs,Migori,Public Service,Equity Bank,11266,12/2023,0708747686,f,ACTIVE,
SACCO-0898,John Nyambura,29,Machakos,Finance,KEBS,,2022-11,+254750105741,Male,INACTIVE,
SACCO-0899,  Peter muthoni,34,Kisii,Transport,Kenya Red Cross,"KES 12,188",01/2020,0701632815,Female,active,
SACCO-0900,Chebet Abubakar,35,Taita-Taveta,Public Service,BAT Kenya,1171,07/2017,+254784158514,f,Active,
SACCO-0901,John Wekesa,54,Kiambu,Finance,KEBS,2469,Nov-2021,254730244897,F,ACTIVE,
SACCO-0902,Mohamed Njenga,45,Baringo,ICT,NSSF Kenya,4656,08/2017,,Female,ACTIVE,
SACCO-0903,Paul Kiprotich,49yrs,Migori,Agriculture,Bamburi Cement,7277,Nov-2017,0737230579,Male,inactive,
SACCO-0904,Hassan Cheruiyot,41,Taita-Taveta,Finance,BAT Kenya,"KES 36,314",12/2024,+254791561158,Female,active,
SACCO-0905,Njeri Wanjiku,,Kiambu,Trade,,5624,05/2019,0730580466,MALE,INACTIVE,
SACCO-0906,Halima Korir,65,Kirinyaga,Finance,,20891.0,2018-10,254718693532,m,Active,
SACCO-0907,Ruth Onyango,51yrs,Kilifi,Agriculture,,12777.0,Nov-2019,254780279816,f,Active,
SACCO-0908,Daniel Rotich,39,Kwale,Finance,Kenya Airways,11900,Feb-2024,254750541298,FEMALE,Active,
SACCO-0909,Owino Njoroge,59,Garissa,Finance,Absa Kenya,,07/2015,+254765707576,Male,Inactive,
SACCO-0910,Mutua Kimani,25,Kiambu,Trade,Safaricom PLC,,2019-03,+254799726875,M,inactive,
SACCO-0911,Wanjiku Kimani,39,Murang'a,Manufacturing,,14981.0,2024-05,254747452870,M,active,
SACCO-0912,Odhiambo Kipchoge,35yrs,Mombasa,Manufacturing,KCB Group,"KES 7,288",2024-05,0716718600,f,Active,VIP member
SACCO-0913,Kiptoo Bett,28,Makueni,Trade,Absa Kenya,,07/2024,0731162770,M,ACTIVE,
SACCO-0914,Samuel Bett,46,Nyandarua,Manufacturing,Kenya Ports Authority,1023.0,Sep-2021,+254702780428,Female,inactive,
SACCO-0852,Zawadi Wekesa,65,Homa Bay,Manufacturing,Nairobi City County,18160,May-2021,,F,inactive,
SACCO-0916,Agnes Odongo,50 years,Mombasa,Public Service,East African Breweries,,01/2021,+254797197591,F,Inactive,
SACCO-0917,Amina Rotich,32,Samburu,Transport,Total Kenya,7740.0,2018-01,0748932004,F,ACTIVE,
SACCO-0918,Joseph Wanjiku,55,Busia,Manufacturing,Mombasa County Govt,7437,2021-05,0724967191,F,active,
SACCO-0919,NJERI Kamau,33,Taita-Taveta,Public Service,Kenya Ports Authority,,04/2015,0710341136,M,inactive,
SACCO-0920,Wafula Njenga,33,Kilifi,Manufacturing,Teachers Service Commission,6690,05/2017,+254702780717,MALE,Inactive,
SACCO-0921,Emmanuel Wekesa,60,West Pokot,ICT,Kisumu County Govt,"KES 5,740",2022-03,0795754912,Female,ACTIVE,
SACCO-0922,BARAKA Wekesa,53yrs,Homa Bay,Finance,Bamburi Cement,2761.0,2023-08,0769747067,Female,ACTIVE,
SACCO-0923,Owino Kiprotich,53,Kisumu,Manufacturing,KCB Group,18478.0,May-2020,0755353136,F,Active,
SACCO-0924,Kamau Ogutu,31,Samburu,ICT,World Vision Kenya,5675.0,Jul-2019,,MALE,Active,
SACCO-0925,Ruth Waithera,,Nakuru,Manufacturing,Kenya Railways,7.0K,May-2016,+254747050710,F,ACTIVE,Follow up
SACCO-0926,Paul Korir,52,Taita-Taveta,Agriculture,Cooperative Bank,4702,Sep-2019,0713596622,m,Active,
SACCO-0927,  Karanja Otieno,47,Elgeyo-Marakwet,Public Service,Cooperative Bank,3378.0,Jun-2019,+254769390232,MALE,ACTIVE,
SACCO-0928,John Ochieng,58yrs,Kakamega,ICT,Standard Chartered,4643,2022-12,0735850340,m,Active,
SACCO-0929,  Amina Lagat,22,Bungoma,Public Service,East African Breweries,12432,07/2017,,M,INACTIVE,
SACCO-0930,Otieno Gathoni,36,Uasin Gishu,Transport,BAT Kenya,5645,06/2022,254749944615,FEMALE,Active,
SACCO-0931,Samuel Abubakar,31yrs,Mandera,Finance,Total Kenya,21568.0,Apr-2024,+254702983015,F,INACTIVE,
SACCO-0932,MOSES Lagat,38,Kakamega,Finance,KRA,2.6K,04/2018,,m,active,
SACCO-0933,Juma Muthoni,37,Taita-Taveta,Transport,KCB Group,5220.0,07/2015,0758004568,Male,Active,
SACCO-0934,Wafula Korir,,Homa Bay,Finance,Nairobi City County,"KES 69,178",May-2018,0722131755,Female,active,
SACCO-0935,Omondi mutuku,31yrs,Tana River,Agriculture,,42.7K,Jan-2017,0723833454,F,inactive,
SACCO-0936,Catherine Rotich,32,Bomet,Agriculture,,8.3K,01/2016,254725803109,MALE,inactive,
SACCO-0937,Amina Odongo,26,Laikipia,Manufacturing,KCB Group,"KES 1,138",03/2019,+254793944722,Male,Active,
SACCO-0938,Juma Sigei,52 years,Nandi,Finance,Mombasa County Govt,,2021-07,254731557954,f,ACTIVE,
SACCO-0939,  Mercy Wekesa,25yrs,Nyeri,Manufacturing,,,2017-03,254737913187,m,active,
SACCO-0940,Grace muthoni,64yrs,Samburu,Trade,Kenya Pipeline Company,16717.0,Nov-2022,0721009229,F,Active,
SACCO-0941,Owino Lagat,64,Mandera,ICT,Kenya Airways,,2020-12,+254756686642,FEMALE,ACTIVE,
SACCO-0942,Mutua Kariuki,38,Tana River,Trade,Kenya Railways,53699,04/2017,,MALE,ACTIVE,
SACCO-0943,Wanjiku Otieno,61,Nairobi,Agriculture,BAT Kenya,2625.0,Apr-2023,+254744629799,f,ACTIVE,
SACCO-0944,Juma Bett,61,Nyamira,ICT,Equity Bank,,Sep-2024,0761261852,F,Inactive,
SACCO-0945,Mwangi Njoroge,,Baringo,Finance,KRA,,04/2024,,f,inactive,
SACCO-0946,  Peter Gathoni,36,Busia,Manufacturing,,24748,2015-02,+254736726628,MALE,INACTIVE,Follow up
SACCO-0947,Moses Kiptoo,60yrs,Tana River,Finance,Nairobi City County,,2023-05,,F,ACTIVE,
SACCO-0948,ESTHER Ogutu,43yrs,Taita-Taveta,Agriculture,Safaricom PLC,5121,03/2019,0790168928,M,Inactive,
SACCO-0949,Zawadi Kimani,56yrs,Tharaka-Nithi,Agriculture,KCB Group,23.0K,2016-01,254708855990,f,INACTIVE,
SACCO-0950,Wafula Njenga,56,Nyeri,Public Service,PWC Kenya,68623.0,2016-06,0747411092,f,active,
SACCO-0951,Kamau Kamau,27,Uasin Gishu,Manufacturing,Kenya Airways,5478,04/2023,0784767925,F,Inactive,
SACCO-0952,Omondi Kiptoo,35,Elgeyo-Marakwet,Transport,BAT Kenya,,Dec-2016,,f,active,
SACCO-0953,Mohamed Otieno,24,Nairobi,Finance,Cooperative Bank,5622,Nov-2020,,f,Active,
SACCO-0954,Paul Kiprotich,30,Turkana,Finance,AMREF,43030.0,2016-10,0785641687,F,inactive,
SACCO-0955,Omondi Ochieng,30yrs,Siaya,Manufacturing,Kisumu County Govt,,2021-02,0748826428,F,Active,
SACCO-0956,Fatuma Abubakar,30,Baringo,Finance,NSSF Kenya,3297,2016-02,0744799885,M,active,
SACCO-0979,NJERI Nyambura,57 years,Machakos,ICT,Kenya Red Cross,"KES 13,870",12/2024,+254774137409,M,Inactive,
SACCO-0958,Hassan Bett,39 years,Kisii,Agriculture,Safaricom PLC,56.5K,Jan-2024,0764018781,f,Inactive,
SACCO-0959,Kiptoo Odongo,37,Uasin Gishu,Manufacturing,Deloitte Kenya,3.8K,2016-11,0763124701,m,Active,
SACCO-0960,Agnes Kiprotich,65yrs,Nyandarua,Finance,Teachers Service Commission,62673.0,08/2018,+254707968729,Female,Inactive,
SACCO-0961,Fatuma rotich,48,Laikipia,Trade,KRA,48333.0,12/2016,,M,Active,
SACCO-0962,Samuel Gathoni,63yrs,Makueni,Manufacturing,Kenya Railways,,2018-04,0798147047,F,INACTIVE,
SACCO-0963,WAFULA Odongo,29,Nairobi,Public Service,Safaricom PLC,2406,Mar-2022,254786968167,f,Inactive,
SACCO-0964,Florence Kiprotich,34,Kakamega,Manufacturing,Standard Chartered,"KES 3,586",08/2018,+254736761893,F,Inactive,
SACCO-0965,Achieng Mutua,48,Laikipia,Manufacturing,Mombasa County Govt,5811,01/2021,0771080683,Male,Inactive,
SACCO-0966,Ndegwa Wanjiku,46,Taita-Taveta,Manufacturing,Kenya Breweries,6.2K,04/2015,0751617675,FEMALE,active,
SACCO-0967,Wafula Gathoni,28,Makueni,Finance,Teachers Service Commission,67772,Jan-2021,0714377289,F,inactive,
SACCO-0968,Florence Onyango,55,Tharaka-Nithi,Public Service,Total Kenya,18267,2015-06,,F,active,
SACCO-0969,Moses Korir,39yrs,Tharaka-Nithi,Public Service,PWC Kenya,1.2K,10/2024,0712896972,Female,inactive,
SACCO-0970,Abdi Rotich,43,Vihiga,Finance,,,2016-10,+254731045155,M,active,
SACCO-0971,Samuel mutuku,57,Kisii,Manufacturing,AMREF,2476,Feb-2020,,F,INACTIVE,
SACCO-0972,Faith Bett,37yrs,Machakos,ICT,Kisumu County Govt,14.2K,12/2023,0732374658,m,active,
SACCO-0973,CATHERINE Mutua,35 years,Bomet,Agriculture,,"KES 24,509",Oct-2018,+254757325158,MALE,ACTIVE,
SACCO-0974,Kiptoo Kariuki,58,Nyandarua,Manufacturing,KEBS,,Dec-2018,0724077528,M,Active,
SACCO-0975,Florence Waithera,29 years,Nyamira,Manufacturing,,5132.0,11/2019,0792330674,MALE,active,
SACCO-0976,Zawadi Ochieng,48,Uasin Gishu,Manufacturing,KCB Group,6788,Jul-2016,0722305534,Male,active,
SACCO-0977,Peter Bett,43,Uasin Gishu,ICT,Nation Media Group,"KES 11,596",2024-04,0757027276,f,Inactive,
SACCO-0978,Paul Ogutu,23,Laikipia,Public Service,World Vision Kenya,"KES 3,783",Oct-2016,0793216577,M,ACTIVE,
SACCO-0979,Wafula Onyango,59 years,Kisii,Agriculture,Total Kenya,6668,Mar-2018,+254706812646,Female,inactive,
SACCO-0980,Rose Mutuku,38,Turkana,Manufacturing,NHIF,2103,2021-08,0727554949,f,ACTIVE,
SACCO-0981,Rotich Kamau,62yrs,Narok,Public Service,KEBS,,Jan-2020,254701547478,m,ACTIVE,
SACCO-0982,Moses kariuki,62yrs,Machakos,Transport,Nairobi City County,"KES 41,616",2016-08,+254772347561,M,active,
SACCO-0983,Kamau mutua,46yrs,Garissa,Transport,Mombasa County Govt,61371.0,Mar-2019,+254719856655,Female,active,
SACCO-0984,Mwangi Wekesa,54yrs,Kisumu,Trade,Standard Chartered,"KES 4,706",07/2023,+254705925231,M,Active,
SACCO-0985,Halima Otieno,55,Kakamega,Public Service,Standard Chartered,"KES 1,993",Jul-2018,+254736159501,FEMALE,Inactive,
SACCO-0986,Hassan Cheruiyot,24yrs,Kisumu,Transport,,6677,04/2018,+254782437710,Female,inactive,Verified
SACCO-0987,Joseph Njenga,55,Kiambu,Agriculture,Kisumu County Govt,5.2K,Jul-2016,0770944243,Male,active,
SACCO-0988,Beatrice Mutua,33yrs,Taita-Taveta,Public Service,Kenya Ports Authority,4.5K,Apr-2023,+254725190520,M,Active,
SACCO-0989,Mwangi Wekesa,40 years,Isiolo,Finance,,7391.0,Jul-2019,0702779565,F,ACTIVE,Verified
SACCO-0990,Moses Sigei,41,Kirinyaga,Agriculture,Kenya Breweries,7.2K,2021-05,0784776255,F,ACTIVE,
SACCO-0991,Otieno Kipchoge,65,Marsabit,Transport,KEBS,,Nov-2015,0750636474,f,inactive,
SACCO-0992,  Mary Kiprotich,36 years,Trans-Nzoia,Manufacturing,Bamburi Cement,2972.0,2023-03,0736968017,FEMALE,active,Verified
SACCO-0993,  Achieng Mwangi,65yrs,Laikipia,Manufacturing,Nairobi City County,52.2K,Jun-2018,0770627050,F,ACTIVE,
SACCO-0994,Odhiambo kiptoo,28 years,Kwale,Finance,Kenya Breweries,6137.0,Sep-2016,0726658175,M,ACTIVE,
SACCO-0995,Chebet Lagat,24,Kisumu,Transport,,3.2K,09/2024,,M,INACTIVE,
SACCO-0996,Rose Mutua,22,Kericho,ICT,Kenya Power,46.8K,Oct-2015,0755703402,M,active,
SACCO-0997,Adhiambo Wanjiku,53,Laikipia,ICT,Nation Media Group,40679,2021-01,0791284262,F,inactive,
SACCO-0998,Achieng Mutuku,29,Tharaka-Nithi,ICT,East African Breweries,2261,May-2023,+254753284724,F,Active,
SACCO-0999,Salome Ogutu,35yrs,Garissa,Manufacturing,KCB Group,4014,Jun-2019,0710300489,MALE,ACTIVE,
SACCO-1000,Fatuma Wekesa,24,Tharaka-Nithi,Agriculture,,35.2K,2018-08,+254757535049,f,Active,
